<?xml version="1.0" encoding="UTF-8"?>
<Chapter>
  <Title>Model Manager Usage</Title>
  <Author>
    <Name>$Author: ibirrer $</Name>
    <EMail>pasetti@pnp-software.com</EMail>
  </Author>
  <LastModified>$Date: 2006-05-02 13:53:01 +0200 (Tue, 02 May 2006) $</LastModified>
  <Introduction>
    <p>
      This page describes the usage of the <a href="../../overview.html#EODiSPUserInterface">model 
      manager application</a>of the EODiSP. The model manager application can be downloaded 
      from the<a href="../../download.html">download page</a> of the EODiSP project web 
      site and can be installed according to its <a href="modelManagerInstallation.html">installation guide</a>.
      The EODiSP is currently under development. This page is still TBD.
    </p>
  </Introduction>
</Chapter>