<?xml version="1.0" encoding="UTF-8"?>
<Chapter>
  <Title>Repository Test Cases</Title>
  <Author>
    <Name>$Author: ibirrer $</Name>
    <EMail>pasetti@pnp-software.com</EMail>
  </Author>
  <LastModified>$Date: 2006-05-02 11:53:01Z $</LastModified>
  <Introduction>
    <p>
      This page describes the test cases for the <a href="../../overview.html#TBD">repository 
      application</a>. These test cases give step-by-step instructions on how to use the 
      repository application to perform typical EODiSP tasks. <p> </p> The EODiSP is currently 
      under development. This page is still TBD.
    </p>
  </Introduction>
</Chapter>