<?xml version="1.0" encoding="UTF-8"?>
<Chapter>
  <Title>Simulation Manager Installation</Title>
  <Author>
    <Name>$Author: pasetti $</Name>
    <EMail>pasetti@pnp-software.com</EMail>
  </Author>
  <LastModified>$Date: 2006-08-16 23:35:25 +0200 (Wed, 16 Aug 2006) $</LastModified>
  <Introduction>
    <p>
      This page describes the installation procedure for the 
      <a href="../../overview.html#EODiSPRepository">repository 
      manager application</a> of the EODiSP. The repository manager application can be 
      downloaded from the <a href="../../download.html">download page</a> of the EODiSP 
      project web site and can be installed as described in its
      <a href="repositoryManagerInstallation.html">installation guide</a>. The EODiSP is currently under development. This page is 
      still TBD.
    </p>
  </Introduction>
</Chapter>