<?xml version="1.0" encoding="UTF-8"?>
<Chapter>
  <Title>Sample Federates</Title>
  <Author>
    <Name>$Author: eglimi $</Name>
    <EMail>pasetti@pnp-software.com</EMail>
  </Author>
  <LastModified>$Date: 2006-10-30 10:25:45 +0100 (Mon, 30 Oct 2006) $</LastModified>
  <Introduction>
    <p>
      This page describes and gives access to the sample HLA federates provided with the 
      EODiSP environment.
    </p>
    <p>The EODiSP is currently under development. This page is still incomplete.</p>
  </Introduction>
  <Section Title="Matrix Transposition">
    <p>
      This sample federate performs a simple data conversion operation. It assumes its inputs 
      to represent a 2x2 matrix and it generates as outputs the transpose matrix. This 
      type of federate is useful to resolve format incompatibilities between other federates 
      in a simulation.
    </p>
    <p>The EODiSP is currently under development. This section is still incomplete.</p>
  </Section>
  <Section Title="Look-Up Table">
    <p>
      This sample federate has one input and one output. The output is computed as a function 
      of the input. The function is defined as a look-up with linear interpolation. This 
      type of federate is useful when a federate needs as an input a calibrated version of 
      the output of some other federate.
    </p>
    <p>The EODiSP is currently under development. This section is still incomplete.</p>
  </Section>
  <Section Title="Message Logger">
    <p>
     This sample federate has one input only. The input is a string representing a message
     generated by some other federate in a simulation. The federate time-stamps and writes
     this input message to a log file. This federate is useful when there is a need to 
     maintain a centralized archive to which all federates in a simulation can send log messages.
    </p>
    <p>The EODiSP is currently under development. This section is still incomplete.</p>
  </Section>
</Chapter>