<?xml version="1.0" encoding="UTF-8"?>
<Chapter>
  <Title>Sample Wrappers</Title>
  <Author>
    <Name>$Author: pasetti $</Name>
    <EMail>pasetti@pnp-software.com</EMail>
  </Author>
  <LastModified>$Date: 2006-11-04 21:47:12 +0100 (Sat, 04 Nov 2006) $</LastModified>
  <Introduction>
    <p>
      This page describes the sample wrappers provided with the EODiSP environment. In 
      the EODiSP, <a href="../developerManuals/supportApplications.html#EODiSPWrappers">wrappers</a> 
      are used to transform generic simulation packages into HLA-compliant federates. The 
      wrappers presented in this page cover some typical cases of simulation packages that 
      users might want to integrate with the EODiSP.
    </p>
    <p>
      All the sample wrappers described in this page are integrated in and are used for 
      the <a href="http://www.pnp-software.com/earthcare_simulator">EarthCARE Simulator</a> which 
      was developed as a demonstrator for the EODiSP. The wrapper code can be accessed 
      from the <a href="http://www.pnp-software.com/earthcare_simulator/download.html">download 
      page</a> of the EarthCARE Simulator web site.
    </p>
  </Introduction>
  <Section Title="Excel Spreadsheet Wrapper">
    <p>
      The <a href="http://www.pnp-software.com/earthcare_simulator/HLAFederates.html"> <code>sim_controller</code> 
      federate</a> of the EarthCARE Simulator provides an example of a wrapper for an excel 
      spreadsheet. The excel spreadsheet serves two purposes:
    </p>
    <ul>
      <li>It acts as a centralized repository for the configuration parameters for the simulation 
        models and it allows the user to inspect and update the values of these parameters.
      </li>
      <li>It provides an interface through which the status of a simulation can be displayed 
        and controlled.</li>
    </ul>
    <p>
      This wrapper illustrates how excel cells can be mapped to HLA attributes and how 
      the execution of excel macros can be commanded through the HLA interface.
    </p>
    <p>
      The excel spreadsheet is accessed as a COM object. This sample wrapper therefore 
      also serves as a template of how COM objects can be wrapped as HLA federates and 
      included in EODiSP simulations. The wrapper is built around a Java-COM bridge (recall 
      that the EODiSP infrastructure is implemented in Java). The wrapper uses the Java-COM 
      bridge implementation provided with the <a href="http://www.eclipse.org/swt/">Standard 
      Widget Toolkit</a> of the Eclipse platform.
    </p>
  </Section>
  <Section Title="Source Code Wrapper">
    <p>
      The <a href="http://www.pnp-software.com/earthcare_simulator/HLAFederates.html"> <code>orbit_propagator</code> 
      federate</a> of the EarthCARE Simulator provides an example of a wrapper for a model 
      implemented as source code. More specifically, the model is represented by a simple 
      Java class and the wrapper maps the properties of this class to HLA attributes.
    </p>
    <p>
      The EODiSP infrastructure is implemented in Java. The fact that the model is implemented 
      in Java therefore simplifies its interface to the EODiSP infrastructure. 
      If the model were implemented in some other language, then it should first be wrapped 
      as a Java class and should then be integrated with the EODiSP as a Java class.
    </p>
  </Section>
  <Section Title="Binary Executable Wrapper">
    <p>
      The <a href="http://www.pnp-software.com/earthcare_simulator/HLAFederates.html"> <code>lid_filter</code> 
      federate</a> of the EarthCARE Simulator provides an example of a wrapper for a model 
      implemented as a binary executable. This executable interfaces with its environment 
      exclusively through input and output files. The wrapper illustrates how file-based input and 
      output data can be handled through an HLA interface. Several approaches are possible.
    </p>
    <p>
      In a first approach, input and output files are handled as streams of bytes. Since the
      HLA does not directly support data streams, each
      file is mapped to an HLA attribute of type 'array of bytes'. In order to handle files 
      of very large size, the stream is broken 
      up into chunks of fixed size that are transmitted in sequence.  
    </p>
    <p>
      An alternative approach for handling input and output files through the HLA would be
      to see the file as a URL. In this case, the HLA attribute to 
      which the file is mapped is simply a string that holds the file's URL. This approach is
      not implemented in the sample wrapper.
    </p>
    <p>
      The third approach is useful when the file contains a list of parameters. This is 
      typically the case of initialization files that define the configuration parameters 
      for an executable program. In this case, the individual parameters are mapped to 
      HLA attributes and the wrapper is responsible for serializing them to a file or for 
      reading them from a file.
    </p>
    <p>
      The execution of the program implementing the model is controlled by the wrapper. 
      The wrapper encodes the logic that determines when the program execution should be 
      triggered.
    </p>
  </Section>
</Chapter>