<?xml version="1.0" encoding="UTF-8"?>
<Chapter>
  <Title>Simulation Manager Test Cases</Title>
  <Author>
    <Name>$Author: ibirrer $</Name>
    <EMail>pasetti@pnp-software.com</EMail>
  </Author>
  <LastModified>$Date: 2006-05-02 13:53:01 +0200 (Tue, 02 May 2006) $</LastModified>
  <Introduction>
    <p>
      This page describes the test cases for the <a href="../../overview.html#EODiSPUserInterface">simulation 
      manager application</a>. These test case give step-by-step instructions on how to 
      use the simulation manager application to perform typical EODiSP tasks. <p> </p> 
      The EODiSP is currently under development. This page is still TBD.
    </p>
  </Introduction>
</Chapter>