<?xml version="1.0" encoding="UTF-8"?>
<Chapter>
  <Title>Support Applications Usage</Title>
  <Author>
    <Name>$Author: ibirrer $</Name>
    <EMail>pasetti@pnp-software.com</EMail>
  </Author>
  <LastModified>$Date: 2006-05-02 11:34:48 +0200 (Tue, 02 May 2006) $</LastModified>
  <Introduction>
    <p>
      This page describes the usage of the <a href="../developerManuals/supportApplications.html">support 
      applications</a> of the EODiSP. The support applications can be downloaded from the 
      <a href="../../download.html">download page</a> of the EODiSP project web site 
      and can be installed according to their <a href="supportApplicationInstallation.html">installation 
      guide</a>. At present, the only support application provided with the EODiSP is the
      <a href="../developerManuals/supportApplications.html#HLAWrapperGenerator#">HLA 
      HLA Wrapper Generator</a>.
    </p>
  </Introduction>
  
  <Section Title="HLA Wrapper Generator">
    <p>
      This generator is implemented as a command line application and can be executed 
      as follows:
      </p>
      <pre>Usage: ProxyCompiler [-options] &lt;federation description document path&gt;
Where options include:
  -targetdirectory &lt;directory&gt;     Specifies the target directory for source files
  -packageprefix &lt;prefix&gt;          Specifies the package prefix
  -proxyambassadorname &lt;name&gt;      Specifies the proxy ambassador name
  -interactionlistenername &lt;name&gt;     Specifies the interaction listener name
  -help                            Prints this message
      </pre>
      <p>
      
      
   </p>
  </Section>
  <Section Title="Package a federate in a jar file">
    <p>Federates which shall be used in an EODiSP simulation need to be packaged into a executable jar file. </p>
  
  </Section>
</Chapter>