<?xml version="1.0" encoding="UTF-8"?>
<Chapter>
  <Title>Support Application Test Cases</Title>
  <Author>
    <Name>$Author: ibirrer $</Name>
    <EMail>pasetti@pnp-software.com</EMail>
  </Author>
  <LastModified>$Date: 2006-05-02 11:34:48 +0200 (Tue, 02 May 2006) $</LastModified>
  <Introduction>
    <p>
      This page describes the test cases for the <a href="../developerManuals/supportApplications.html">support 
      applications</a> of the EODiSP. These test case give step-by-step instructions on 
      how to use the support applications to perform typical EODiSP tasks. <p> </p> The 
      EODiSP is currently under development. This page is still TBD.
    </p>
  </Introduction>
</Chapter>