<?xml version="1.0" encoding="UTF-8"?>
<Chapter>
  <Title>Demonstrator Configuration</Title>
  <Author>
    <Name>$Author: pasetti $</Name>
    <EMail>pasetti@pnp-software.com</EMail>
  </Author>
  <LastModified>$Date: 2006-06-05 23:08:03 +0200 (Mon, 05 Jun 2006) $</LastModified>
  <Introduction>
    <p>
      This page describes the configuration of the EODiSP demonstrator. 
    </p>
  </Introduction>

 <Section Title="The Demonstrator Owners">
    <p>
      In the EODiSP concept, all models that may take part in a simulation are owned by a
      person or entity. The <i>demonstrator owners</i> are the owners of the demonstrator models 
      (the simulation models that can be used in the demonstrator).
    </p>
    <p>  
      Obviously, it is possible to have simulations where all models belong to the same owner.
      However, in the demonstrator, three fictitious model owners are assumed which are referred
      to with the following names: 'Estec', 'Iwan', and 'Michael'.
    </p>
    <p>
      In the EODiSP concept, models are located on some platform and a simulation can be built by
      integrating models that reside on different - distributed - platforms. Model owners must therefore
      be associated to a particular platform where their models they own are located. The three demonstrator
      owners are associated to the following platforms:
      <ul>
      <li>The Estec demonstrator owner is associated to TBD computer in ESA-Estec.</li>
      <li>The Iwan demonstrator owner is associated to the laptop of Iwan Birrer (one
      of the EODiSP designers) at P&amp;P Software in Switzerland.</li>
      <li>The Michael demonstrator owner is associated to the laptop of Michael Egli (one of the
      EODiSP designers) at ETH in Switzerland.</li>
      </ul>
      Demonstrator owners manage their models through the <a href="overview.html#EODiSPUserInterface">EODiSP 
      model manager application</a>. The demonstrator assumes that this application is installed on 
      each of the demonstrator owner platforms. Note that the laptop demonstrators can be physically
      anywhere as long as they have an internet connection.
    </p>
  </Section>    
 
  <Section Title="The Demonstrator Repositories">
 	 <p>
      In the EODiSP concept, at least one centralized repository must exist where all models that may take part 
      in a simulation are registered. The <i>demonstrator repositories</i> are the centralized repositories 
      used for the EODiSP demonstration.
     </p>
     <p> 
	  The EODiSP can operate in two basic modes. In remote mode, one or more of the simulation models
	  are located on a remote node (with respect to the simulation manager application). In local mode,
	  all the simulation models are located on the same platform as the simulation manager application.
	  Operation in remote mode requires the repository to be installed on a publicly accessible server.
	  Operation in local mode requires the repository to be installed locally on the same machine on
	  which the simulation models and the simulation manager application are located. 
	 </p>
     <p> 
      In order to test
	  both operating modes, the demonstrator implements two repositories. The first one (the <i>remote demonstrator
	  repository</i>) is installed on the P&amp;P Software server in Switzerland. The second one (the
	  <i>local demonstrator repository</i>) is installed on the laptop of Michael Egli at ETH.
	  Both repositories have the same content and hold the full set of demonstrator models.
     </p>
     <p> 
      Models in an EODiSP repository are grouped together in categories. Each category holds models that
      are logically related and which are likely to be of interest to the same set of target users.
      The demonstrator repositories have two categories: the <i>rocketDemo</i> category holds the models
      that may be used in the <a href="rocketSimulation.html">rocket simulation</a>, and the
      <i>earthCAREDemo</i> holds the models that may be used in the <a href="earthCARESimulation.html">EarthCARE
      simulation</a>.
    </p>
  </Section>    
 
   <Section Title="The Demonstrator Models">
 	 <p>
      The <i>demonstrator models</i> are the simulation models - suitably wrapped as HLA federates - that
      can take part in a demonstrator simulation. The demonstrator models can be divided into two disjoint
      sets: the first set contains the models that are required for the <a href="rocketSimulation.html">rocket 
      simulation</a>
      and the second set contains the models that are required for the <a href="earthCARESimulation.html">EarthCARE
      simulation</a>.
     </p>
     <p> 
      Each model is available in three identical copies that are allocated to the three 
      <a href="#DemonstratorOwners">demonstrator owners</a>. This is convenient to try different
      configurations where models located on different platforms are mixed together. The table below
      lists all demonstrator models. The first column contains the model name. The suffix at
      the end of the name is a code that identifies the model owner ('e' for Estec, 'i' for Iwan, and
      'm' for Michael). Thus, for instance, model <code>CppRocketModel_e</code>
      is the version of model <code>CppRocketModel</code> that belongs to the Estec demonstrator
      owner. The second column in the table contains a brief description of the model. More details
      can be found in the pages that describe the <a href="rocketSimulation.html">rocket 
      simulation</a>
      and the <a href="earthCARESimulation.html">EarthCARE
      simulation</a>.
      <table>
      	<tr> <th>Model Name</th> <th>Description</th> </tr>
        <tr> <td>ExcelModel_x</td> 
        <td>An excel spreadsheet that encapsulates a formula for computing the air drag on the ballistic
        rocket simulated in the <a href="rocketSimulation.html">rocket simulation</a>.</td> </tr> 
        <tr> <td>SMP2RocketModel_x</td> 
        <td>An SMP2 model implementing the equation of motion of the ballistic
        rocket simulated in the <a href="rocketSimulation.html">rocket simulation</a>.</td> </tr> 
        <tr> <td>JavaRocketModel_x</td> 
        <td>An Java model implementing the equation of motion of the ballistic
        rocket simulated in the <a href="rocketSimulation.html">rocket simulation</a>.</td> </tr> 
        <tr> <td>CppRocketModel_x</td> 
        <td>An C/C++ model implementing the equation of motion of the ballistic
        rocket simulated in the <a href="rocketSimulation.html">rocket simulation</a>.</td> </tr> 
        <tr> <td>FortranRocketModel_x</td> 
        <td>An Fortran model implementing the equation of motion of the ballistic
        rocket simulated in the <a href="rocketSimulation.html">rocket simulation</a>.</td> </tr> 
        <tr> <td>MessageLogger_x</td> 
        <td>A model that can write string-like messages to a log file. This model is used in 
        the <a href="rocketSimulation.html">rocket simulation</a>.</td> </tr> 
        <tr> <td>Plotter_x</td> 
        <td>A model that can plot the values of the position and velocity variables of the ballistic
        rocket in the <a href="rocketSimulation.html">rocket simulation</a>.</td> </tr> 
        <tr> <td>SceneCreator_x</td> 
        <td>A model that encapsulates a program to create a scene for the 
        <a href="earthCARESimulation.html">EarthCARE simulation</a>.</td> </tr> 
        <tr> <td>ExtractUtility_x</td> 
        <td>A model that encapsulates a program to extract geophysical data from a scene for the 
        <a href="earthCARESimulation.html">EarthCARE simulation</a>.</td> </tr> 
        <tr> <td>lidFilter_x</td> 
        <td>A model that encapsulates a program implementing the forward model for the lidar instrument
        in the <a href="earthCARESimulation.html">EarthCARE simulation</a>.</td> </tr> 
        <tr> <td>lidar_x</td> 
        <td>A model that encapsulates a program implementing the lidar instrument model
        in the <a href="earthCARESimulation.html">EarthCARE simulation</a>.</td> </tr> 
        <tr> <td>radFilter_x</td> 
        <td>A model that encapsulates a program implementing the forward model for the radar instrument
        in the <a href="earthCARESimulation.html">EarthCARE simulation</a>.</td> </tr> 
        <tr> <td>radar_x</td> 
        <td>A model that encapsulates a program implementing the radar instrument model
        in the <a href="earthCARESimulation.html">EarthCARE simulation</a>.</td> </tr> 
        <tr> <td>lidarRet1_x</td> 
        <td>A model that encapsulates a program implementing the lidar and radar retrival models 
        in the <a href="earthCARESimulation.html">EarthCARE simulation</a>.</td> </tr> 
        <tr> <td>plotSlice_x</td> 
        <td>A model that can plot 2-dimensional geophysical data for the 
        <a href="earthCARESimulation.html">EarthCARE simulation</a>.</td> </tr> 
      </table>
      Note that the four rocket models (<code>SMP2RocketModel</code>, <code>CppRocketModel</code>,
      <code>JavaRocketModel</code> and <code>FortranRocketModel</code>) implement the same HLA
      interface and are thus interchangeable within a simulation. All other models listed in the
      table instead implement distinctive HLA interfaces.
    </p>
    <p>  
      In the EODiSP concept, model owners can restrict availability of their models to selected
      simulation managers. The demonstrator includes only one single simulation manager
      (the <a href="#TheDemonstratorManager">demonstrator manager</a>). By
      default, all demonstrator owners enable usage by the demonstrator manager. This setting 
      can, of course, be changed for specific tests where it is desired to verify the ability of
      the EODiSP to restrict usage of certain models to only some simulation managers.
    </p>
  </Section>   

   <Section Title="The Demonstrator Manager">
 	 <p>
      In the EODiSP concept, a simulation manager is assumed who is responsible for configuring and
      running a simulation experiment. The <i>demonstration manager</i> is the simulation manager for the EODiSP
      demonstrator simulation. 
     </p>
     <p> 
      The demonstrator manager configures and controls the demonstrator simulation through the 
      <a href="overview.html#EODiSPUserInterface">EODiSP simulation manager application</a>. This
      application can be started on any platform that has an internet link to the remote demonstrator 
      repository and to the model manager applications. The demonstrator manager can thus be located
      on any platform where the simulation manager application is running. 
    </p>
  </Section>   

 
</Chapter>