<?xml version="1.0" encoding="UTF-8"?>
<Chapter>
  <Title>EarthCARE Simulation</Title>
  <Author>
    <Name>$Author: pasetti $</Name>
    <EMail>pasetti@pnp-software.com</EMail>
  </Author>
  <LastModified>$Date: 2006-06-05 23:08:03 +0200 (Mon, 05 Jun 2006) $</LastModified>
  <Introduction>
    <p>
      This page describes the EarthCARE simulation. This is one of the two basic simulations that are
      supported by the <a href="../demonstrator.html">EOSiSP demonstrator</a>. 
    </p>
  </Introduction>

  <Section Title="Simulation Architecture">
      <p>
      This simulator is based on the end-to-end performance simulator developed at 
      <a href="http://www.knmi.nl/">KNMI</a> for the 
	  EarthCARE mission. The EarthCARE mission is
	  an earth observation satellite mission under development at ESA. The KNMI simulator
	  consists of a set of standalone programs running on a Linux platform. Each program
	  models one element of the end-to-end observation chain. 
	  The starting point of the observation chain is a scene creator 
	  program that generates a 'scene file'. This models the physical scene that is observed
	  by the EarthCARE instrument. The next item in the chain is a set of 'forward models' programs
	  which simulate the propagation of signals from the scene to the satellite instruments. The third
	  item in the chain is a set of 'instrument model' programs that simulate the satellite instruments.
	  The last item in the chain is a set of 'retrieval model' programs that simulate the post processing 
	  of the instrument data. A set of utility programs are also available to plot the results of the
	  data retrieval and to extract geophysical data from scene files.
	  The simulator programs
	  exchange information through data files. 
	</p>   
    <p>  	  
	  The KNMI simulator is described in detail in a publicly available <a href="../download/Sim_ug.pdf">user guide</a>. 
	</p>   
    <p>  
      The EODiSP EarthCARE simulator uses a subset of the programs in the KNMI EarthCARE simulator to
      simulate the processing chain for two EarthCARE instrument: the cloud profiling
      radar and the atmospheric tropospheric lidar.
      The demonstrator architecture is shown in the figure below. Blue boxes in the 
      figure represent simulator programs wrapped as HLA federates. The names in the boxes are 
      the same as the names used in
      the KNMI documentation. The arrows in the figure represent data flows. The structure of the data
      generated and consumed by the KNMI programs is too complex to be represented graphically.
      The arrows therefore only indicate which program is providing data to which other program but they
      do not say anything about the kind of data that is being exchanged. 
    </p>
     <Figure file="earthCAREDemonstrator_1.png">Rocket Demonstrator Architecture</Figure>
    <p>  
      The starting point of the processing chain simulated by the demonstrator is 
      the <code>scene_creator</code> utility that is used 
      to generate a scene file. The scene file defines the physical scene to be observed by the radar and
      the lidar instruments.  
      The scene data are processed, in one branch, by the <code>extract_utility</code>. This utility extracts relevant 
      geophysical data from the scene data. The data thus extracted are then passed to a plotting utility
      (the <code>plot_slice</code> program from the KNMI simulator). 
      In the other branch, the scene data are fed to the radar and lidar filter models which implements the 
      forward models of the two instruments. The output of these models are filtered scenes which represent 
      the input to the lidar 
      and radar models. These two models include both the instrument models and the instrument retrieval models. 
      The <code>lidar_ret1</code> block implements a synergetic retrieval model that processes both the
      radar and lidar outputs. The output of this block is again fed to the plotting utlity. 
    </p>   
    <p>  
      Note that the EODiSP EarthCARE simulator - like the KNMI simulator from which it is derived - only simulates the 
      processing of one single
      scene. Hence, the data flows shown in the figure are only executed once in a single simulation runs. 
    </p>   
    <p>  
      The EarthCARE simulator would typically be run in a distributed architecture. In the configuration
      shown in the figure, the lidar models are located on a remote
      node. All other models are located on the same node on which the simulation manager is located. 
      This node is located behind a company firewall. The dashed line in the figure thus represents both a
      distribution node boundary and a firewall.
      This kind of distributed architecture is representative of a real usage of the EODiSP for two reasons.
      Firstly, the lidar and radar models are very computationally intensive. It therefore makes sense to locate them
      on two different nodes because this allows them to execute in parallel thus reducing the overall
      duration of a complete simulation. Secondly, one can imagine a situation where the lidar models are
      proprietary models. The archicture in the figure allows
      their owner to keep control over the lidar models while allowing the models to participate in a 
      simulation.  
    </p>   
    <p>   
      Note that the distribution architecture shown in the figure represents just one example of how 
      the EarthCARE simulator models might be distributed. The demonstrator repository contains
      <a href="demonstratorConfiguration.html#TheDemonstratorModels">three copies of the earthCARE 
      models</a> on the three distribution nodes that participate in 
      the demonstrator. Hence, the demonstrator manager can decide the distribution architecture at
      the time he configures a simulation by selecting models from the various distribution nodes.
    </p>
  </Section>    
 
     <Section Title="Simulation Execution">
     <p>
      The execution of the earthCARE simulation follows the 
      <a href="../overview.html#SimulationLifecycle">general lifecycle</a> of the EODiSP simulations and
      is best discussed in terms of the EODISP_START and EODISP_STOP synchronization points defined 
      by the EODiSP.
     </p>
     <p> 
      The EODISP_START sychronization point is used to start the simulation. The federate or
      federates that should start execution when a simulation starts must subscribe to this
      synchronization point. In the case
      of the earthCARE simulation, the scene creator is the only federate that subscribes to 
      the EODISP_START synchronization point.
     </p>
     <p> 
	  The simulation starts with the following steps:
	 <ul>
	  <li>The demonstrator manager (acting as simulation manager) presses
      the 'start' button in the simulation manager application.  </li>
	  <li>The start signal is routed to the 
      control federate which responds by registering the EODISP_START synchronization point with
      the RTI (recall that, in the EODiSP, the control federate is responsible for managing 
      synchronization points and for initiating synchronization actions).  </li>
      <li>The RTI announces 
      the EODISP_START synchronization point to the federates in the associated
      synchronization group. In the case of the earthCARE simulation, this is the case only of the 
      scene creator federate. </li>
      <li>The scene creator federate responds to the notification from the RTI by executing the
      <code>scene_creator</code> program. 
      </li>
	 </ul>   
     </p>
     <p> 
      At this point the simulation has started. When the <code>scene_creator</code> program terminates, the
      scene creator federate updates the attributes it publishes. The <code>lid_filter</code>, 
      <code>rad_filter</code>, and <code>extract_utility</code> 
      federates are notified that the 
      attributes published by the scene creator have been updated. This triggers the execution of
      their associated programs. And so on until the <code>plot_slice</code> program is executed. 
      This program is the last one in the end-to-end processing chain. Its completion marks the
      end of the simulation.
     </p>
     <p> 
      More precisely, the simulation
      termination process is managed through the EODISP_STOP synchronization point as follows.
      All federates subscribe to this synchronization point. The control federate registers the 
      EODISP_STOP synchronization point with the RTI at the beginning of the simulation. All federates
      but the <code>plot_slice</code> federate immediately respond to the RTI by sending it a 'synchronization point achieved'
      message. The <code>plot_slice</code> federate sends this message only when the <code>plot_slice</code> 
      program has
      completed execution. When the RTI receives the last 'synchronization point achieved' message,
      it informs all federates that the synchronization 
      point has been achieved. The federates stop and resign from the federation execution which is then
      terminated by the RTI. 
     </p>
    </Section>
 
     <Section Title="Simulation Pause and Resume">
	  <p>
	  The EODiSP supports a pause/resume functionality. This allows the simulation manager to interrupt
	  the flow of HLA data (pause capability). A paused simulation can either be resumed or it can be
	  made to step forward. 
	  The pause/resume functionality requires support at model level. The lidar and radar models offer this support
	  and the earthCARE simulation can thus be used to test this feature of the EODiSP.
	  </p>
      <p>
      The management of the pause/step/resume functionality follows the 
      <a href="../overview.html#SimulationLifecycle">general lifecycle</a> of the EODiSP simulations and
      is best discussed in terms of the EODISP_PAUSE, EODISP_STEP, and EODISP_STOP sychronization points defined 
      by the EODiSP.
      The federate or
      federates that should interrupt and resume execution when a simulation is paused or resumed must 
      subscribe to these
      synchronization points. In the case
      of the EarthCARE simulation, the lidar and radar federates (i.e. the federates wrapping the
      <code>lid_filter</code>, <code>rad_filter</code>, <code>lidar</code>, and <code>radar</code> 
      programs) are 
      the only federates that subscribe to these synchronization points.
     </p>
     <p> 
	  The simulation is paused in accordance with the the following steps:
	 <ul>
	  <li>The demonstrator manager (acting as simulation manager) presses
      the 'pause' button in the simulation manager application.  </li>
	  <li>The pause signal is routed to the 
      control federate which responds by registering the EODISP_PAUSE synchronization point with
      the RTI (recall that, in the EODiSP, the control federate is responsible for managing 
      synchronization points and for initiating synchronization actions).  </li>
      <li>The RTI announces 
      the EODISP_PAUSE synchronization point to the federates in the associated
      synchronization group. In the case of the earthCARE simulation, this is the case only of the 
      radar and lidar federates. </li>
      <li>The radar and lidar federates respond to the EODISP_PAUSE notification from the RTI by 
      inhibiting the update of their attributes. 
      </li>
      <li>This effectively causes the simulation to be held because it interrupts the flow of data
      through the radar and lidar federates. </li>
	 </ul>   
      The demonstrator manager can continue a paused simulation either by resuming it or by
      asking for a single step to be performed. If the demonstration manager chooses the 'step'
      option, then the following actions are taken:
     <ul>
	  <li>The demonstrator manager (acting as simulation manager) presses
      the 'step' button in the simulation manager application.  </li>
	  <li>The step signal is routed to the 
      control federate which responds by registering the EODISP_PAUSE synchronization point with
      the RTI.  </li>
      <li>The RTI announces 
      the EODISP_STEP synchronization point to the federates in the associated
      synchronization group. In the case of the EarthCARE simulation, this is the case only of the 
      radar and lidar federates. </li>
      <li>The radar and lidar federates respond to the EODISP_STEP notification from the RTI by 
      releasing the inhibition of the update of their attributes 
      for one cycle only. 
      </li>
      <li>This allows the simulation to advance by one step. </li>
	 </ul>    
      Note that the meaning of 'one step' is simulation-specific. In the case of the EarthCARE simulation,
      one step consist in the execution of one of the radar or lidar programs and the publication of the associated
      attributes. 
	  </p>
      <p>
      The 'resume' mechanism works in an analogous manner. The only difference is that the radar and lidar 
      models respond to the EODISP_RESUME notification by permanently lifting the inhibition to 
      the update of its ouptuts.
      </p>
    </Section>
 
     <Section Title="Federate Implementation">
      <p>
      The EarthCARE simulation federates are implemented by wrapping the corresponding KNMI programs
      as HLA federates. No changes are made to the original KNMI code. 
     </p>
     <p> 
      The HLA interface of the 
      EarthCARE federates are defined by the attributes the federates publishe,
      by the attribute they subscribe to, and by the synchronization groups to which they subscribe.
     </p>
     <p>  
      The attributes that an EarthCARE federate publishes and subscribes to are implicitly defined by the inputs 
      and outputs of the associated KNMI program. These inputs and outputs take the form of files.
	  The HLA wrappers map        
      each file that is produced by one of the KNMI programs to an HLA attribute. 
      The data type of the attributes that represent files
      is <code>HLAopaqueData</code>. This is an HLA data type not defining a particular format on the 
      level of HLA, 
      but just a sequence of bytes. It is the simplest way to represent a file.
     </p>
     <p> 
      At the time of writing, it is as yet unclear how the input and output files are managed by
      the wrappers. Two basic options are possible:
      <ul>
      <li>A file remains on the same distribution node as the program that generates it. The
      federates that encapsulate the programs that read the file must then provide mechanisms to
      allow a remote access to the file.</li>
      <li>A file remains on the same distribution node as the program that generates it.  
      The
      federates that encapsulate the programs that read the file copy the file from its remote location
      to the local distribution node. Further accesses to the file are then made in local mode.</li>
      </ul>
      The choice between the two approaches depends on the pattern of access to a file on the part
      of the KNMI programs. If a program needs to access a file several times during its execution,
      then the creation of a local copy is probably the most efficient solution. If, instead, a
      program only makes one single access to the file (perhaps in order to read in its complete content), 
      then remote access has no real drawback.
     </p>
     <p>
      The EarthCARE federates subscribe to the following EODiSP synchronization points: 
      <ul>
      <li>The <code>scene_creator</code> federate subscribes to the EODISP_START synchronization point.</li>
      <li>The <code>lid_filter</code>, <code>rad_filter</code>, <code>lidar</code>, 
      and <code>radar</code> subscribe to the EODISP_PAUSE, EODISP_STEP, and EODISP_STOP 
      synchronization points.</li>
      <li>All federates subscribe to the EODISP_STOP synchronization point.</li>
      </ul>
      </p>
     </Section>
 
 
 
</Chapter>