<?xml version="1.0" encoding="UTF-8"?>
<Chapter>
  <Title>Rocket Simulation</Title>
  <Author>
    <Name>$Author: pasetti $</Name>
    <EMail>pasetti@pnp-software.com</EMail>
  </Author>
  <LastModified>$Date: 2006-06-05 23:08:03 +0200 (Mon, 05 Jun 2006) $</LastModified>
  <Introduction>
    <p>
      This page describes the rocket simulation. This is one of the two basic simulations that are
      supported by the <a href="../demonstrator.html">EOSiSP demonstrator</a>. 
    </p>
  </Introduction>

  <Section Title="Simulation Architecture">
    <p>
      The rocket simulation simulates the trajectory of a ballistic rocket in a two-dimensional plane.
      The rocket has an initial velocity at an initial position and then continues its trajectory 
      under the influence 
      of the force of gravity and of air drag. The air drag force is computed by a model embedded in an
      excel spreadsheet. The excel spreadsheet is also responsible for defining the initial velocity and
      position of the rocket. The gravitational force is assumed to remain constant during the rocket
      trajectory. The simulation is deemed to have terminated when the rocket has reached the
      ground (i.e. when it has landed).
    </p>
    <p> 
	  The demonstrator offers four versions of the rocket model. The four rocket models are functionally 
	  equivalent.
	  They differ from each other in terms of
	  the model's implementation technology. Three rocket models are implemented in three different
	  languages - Fortran, C/C++, and Java. One rocket model is implemented as an SMP2 model
	  embedded in the SimSat2000 environment. These four versions of the rocket model implement the
	  same HLA interface and are therefore fully interchangeable within a simulation.
	</p>
    <p> 
	  The rocket model operates cyclically. In every cycle, it propagates forward in time the rocket's position and
	  velocity. It additionally sends the position and velocity to a plotter model that is
	  responsible for displaying it graphically and to a logger model that is responsible for
	  writing it to a log file. 
    </p>
    <p> 
	  The rocket model needs some initialization data. The initialization data
	  are read from an initialization file.
    </p>
    <p> 
      The architecture of the rocket demonstrator is shown in the figure below. 
      Blue boxes in the 
      figure represent models. The pink boxes represent the data that a model publishes. Thus,
      for instance, the 'Rocket Model' publishes three data items: the rocket position (<code>pos</code>),
      the rocket velocity (<code>vel</code>), and a message (<code>msg</code>. 
      Each data item is treated as a single 
      entity by the EODiSP infrastructure but the data items may have an internal structure. Thus, 
      for instance,
      the <code>vel</code> data item is made up of two primitive data values representing, respectively, the X
      and Y components of the rocket velocity. 
    </p>
    <p>
      The arrows in the figure represent data flows. They start from a data item that is published
      by a model and they terminate in a model that has subscribed to the data item. Thus, for instance, 
      the 'Rocket Model' can send messages (<code>msg</code>) to the 'Message Logger' model.
      This can also be equivalently expressed by saying that the 'Rocket Model' publishes an attribute
      containing the message and that the 'Message Logger' model subscribes to this attribute.
    </p>
     <Figure file="rocketDemonstrator_1.png">Rocket Demonstrator Architecture</Figure>
    <p>
 	  The figure shows one single rocket model. As already mentioned, the EODiSP demonstrator provides 
 	  four versions of the same rocket
 	  model. Since they are all characterized by the same HLA interface, any of them can be plugged
 	  into the rocket simulation shown in the figure. 
    </p>
    </Section>
    
    <Section Title="Simulation Execution">
     <p>
      The execution of the rocket simulation follows the 
      <a href="overview.html#SimulationLifecycle">general lifecycle</a> of the EODiSP simulations and
      is best discussed in terms of the EODISP_START and EODISP_STOP sychronization points defined 
      by the EODiSP.
     </p>
     <p> 
      The EODISP_START sychronization point is used to start the simulation. The federate or
      federates that should start execution when a simulation starts must subscribe to this
      synchronization point. In the case
      of the rocket simulation, the excel spreadsheet is the only federate that subscribes to 
      the EODISP_START synchronization point.
     </p>
     <p> 
	  The simulation starts with the following steps:
	 <ul>
	  <li>The demonstrator manager (acting as simulation manager) presses
      the 'start' button in the simulation manager application.  </li>
	  <li>The start signal is routed to the 
      control federate which responds by registering the EODISP_START synchronization point with
      the RTI (recall that, in the EODiSP, the control federate is responsible for managing 
      synchronization points and for initiating synchronization actions).  </li>
      <li>The RTI announces 
      the EODISP_START synchronization point to the federates in the associated
      synchronization group. In the case of the rocket simulation, this is the case only of the 
      excel model federate. </li>
      <li>The excel model federate responds to the notification from the RTI by 
      updating its own attributes (the air drag force and the rocket initial velocity and position). 
      </li>
      <li>The rocket model (which subscribes to the attributes published by the
      excel spreadsheet) is notified that the initial velocity and position are ready. </li>
	 </ul>   
     </p>
     <p> 
      At this point the simulation has started and it enters the following loop:
      <ul>
        <li>The rocket model updates the rocket velocity and position.</li>
        <li>The excel spreadsheet is notified that the rocket velocity has been updated and
        it responds by updating the air drag force.</li>
        <li>The rocket model is notified that the air drag force has been updated and it responds
        by again updating the rocket velocity and position.</li>
      </ul>
      In parallel to executing the above loop, the 'JChart Plotter' and the 'Message Logger' models are 
      also notified every time the rocket model updates its output. This allows them to, respectively,
      plot and log the rocket position and velocity data.
     </p>
     <p>  
      The simulation terminates when the rocket reaches the same altitude from which it started
      (when it 'lands'). The rocket model federate is therefore responsible for declaring a simulation
      to have terminated. The simulation
      termination process is managed through the EODISP_STOP synchronization point as follows.
      All federates subscribe to this synchronization point. The control federate registers the 
      EODISP_STOP synchronization point with the RTI at the beginning of the simulation. All federates
      but the rocket model immediately respond to the RTI by sending it a 'synchronization point achieved'
      message. The rocket model sends this message only when it finds that the rocket altitude is the
      same as its initial altitude. When the RTI receives the last 'synchronization point achieved'
      message it informs all federates that the synchronization 
      point has been achieved. The federates stop and resign from the federation execution.
      The only federate to perform any additional termination action is the message logger model that closes
      the log files. 
     </p>
    </Section>
    
    <Section Title="Simulation Pause and Resume">
	  <p>
	  The EODiSP supports a pause/resume functionality. This allows the simulation manager to interrupt
	  the flow of HLA data (pause capability). A paused simulation can either be resumed or it can be
	  made to step forward. 
	  The pause/resume functionality requires support at model level. The rocket model offers this support
	  and the rocket simulation can thus be used to test this feature of the EODiSP.
	  </p>
      <p>
      The management of the pause/step/resume functionality follows the 
      <a href="../overview.html#SimulationLifecycle">general lifecycle</a> of the EODiSP simulations and
      is best discussed in terms of the EODISP_PAUSE, EODISP_STEP and EODISP_STOP synchronization points defined 
      by the EODiSP.
      The federate or
      federates that should interrupt and resume execution when a simulation is paused or resumed must 
      subscribe to these
      synchronization points. In the case
      of the rocket simulation, the rocket model is the only federate that subscribes to 
      these synchronization points.
     </p>
     <p> 
	  The simulation is paused in accordance with the the following steps:
	 <ul>
	  <li>The demonstrator manager (acting as simulation manager) presses
      the 'pause' button in the simulation manager application.  </li>
	  <li>The pause signal is routed to the 
      control federate which responds by registering the EODISP_PAUSE synchronization point with
      the RTI (recall that, in the EODiSP, the control federate is responsible for managing 
      synchronization points and for initiating synchronization actions).  </li>
      <li>The RTI announces 
      the EODISP_PAUSE synchronization point to the federates in the associated
      synchronization group. In the case of the rocket simulation, this is the case only of the 
      rocket model federate. </li>
      <li>The rocket model federate responds to the EODISP_PAUSE notification from the RTI by 
      inhibiting the update of its attributes (the rocket position and velocity). 
      </li>
      <li>This effectively breaks
	  the update loop between excel spreadsheet and rocket model illustrated in the previous section and
	  it causes the simulation to remain on hold. </li>
	 </ul>   
      The demonstrator manager can continue a paused simulation either by resuming it or by
      asking for a single step to be performed. If the demonstration manager chooses the 'step'
      option, then the following actions are taken:
     <ul>
	  <li>The demonstrator manager (acting as simulation manager) presses
      the 'step' button in the simulation manager application.  </li>
	  <li>The step signal is routed to the 
      control federate which responds by registering the EODISP_PAUSE synchronization point with
      the RTI.  </li>
      <li>The RTI announces 
      the EODISP_STEP synchronization point to the federates in the associated
      synchronization group. In the case of the rocket simulation, this is the case only of the 
      rocket model federate. </li>
      <li>The rocket model federate responds to the EODISP_STEP notification from the RTI by 
      releasing the inhibition of the update of its attributes (the rocket position and velocity)
      for one cycle only. 
      </li>
      <li>This allows the simulation to advance by one step. </li>
	 </ul>    
      Note that the meaning of 'one step' is simulation-specific. In the case of the rocket simulation,
      one step consist in the processing of a single set of rocket model outputs. 
	  </p>
      <p>
      The 'resume' mechanism works in an analogous manner. The only difference is that the rocket
      model responds to the EODISP_RESUME notification by permanently lifting the inhibition to 
      the update of its ouptuts.
      </p>
    </Section>
    
	<Section Title="Simulation Experiment">
	 <p>
	  The EODiSP allows so-called <a href="../overview.html#SimulationRunsandSimulationExperiments">simulation 
	  experiments</a> to be executed. A simulation experiment consists
	  of a set of simulation runs executed in sequence with different configurations.
	  The rocket simulation is organized as a set of such simulation runs. A simulation run is characterized
	  by a set of initialization values for the rocket model. The rocket model requires two initialization
	  values (see the <a href="#RocketModel-Implementation">description of its implementation</a> below):
	  the value of the rocket's mass and the value of the propagation interval. These 
	  initialization values are stored in a file (the <i>rocket model initialization file</i>). The rocket 
	  simulation
	  is therefore defined by specifying a set of rocket model initialization files. The EODiSP then ensures
	  that all initialization files are used in sequence for successive simulation runs.
     </p>
    </Section>	    
    
    <Section Title="Rocket Model - Definition">
     <p>
      The rocket model is primarily responsible for propagating the X and Y components of the rocket's 
      position and velocity using 
      a rather crude version of Euler's method to integrate the equations of motion of the rocket. 
      The gravitational force is
      assumed to be constant and the only additional force acting on the rocket is assumed to be
      the air drag. The propagation is done in accordance with the following algorithm:
     </p><div>
     	<p><code>cos = velX / sqrt(velX*velX + velY*velY)</code></p>
     	<p><code>sin = velY / sqrt(velX*velX + velY*velY)</code></p>
     	<p><code>velX = velX - drag * cos * sign(velX) * deltaT / mass</code></p>
     	<p><code>velY = velY - (drag * sin * sign(velX) + g) * deltaT / mass</code></p>
     	<p><code>posX = posX + velX * deltaT</code></p>
     	<p><code>posY = posY + velY * deltaT</code></p>
     	<p><code>msg = "The rocket position is: " + String(posX) + ", " + String(posY)</code></p>
     </div><p>
      In the above equation, <code>velX</code> and <code>velY</code> are the two components 
      of the rocket's velocity.
      Likewise, <code>posX</code> and <code>posY</code> are the two components 
      of the rocket's position.
      Variable <code>drag</code> is the modulus of the air 
      drag force acting on the rocket. The air drag force is assumed to be aligned with the 
      veocity vector and to have the opposite direction of the velocity vector.
      Variable <code>g</code> is the gravitional acceleration assumed constant and equal to 9.81 m/sec2.
      Variable <code>mass</code> is the rocket's mass assumed constant throughout the rocket's flight. 
      Variable <code>msg</code> is a
      string that describes the current position of the rocket.
     </p> 
     <p>
      The HLA interface of the rocket model is defined by the attributes the model publishes,
      by the attributes it subscribes to, and by the synchronization groups to which it subscribes. 
      The rocket model publishes the following
      attributes:
     <ul>
      <li>The rocket's position consisting of the two primitive variables <code>posX</code> and 
      <code>posY</code>.</li>
      <li>The rocket's velocity consisting of the two primitive variables <code>velX</code> and 
      <code>velY</code>.</li>
      <li>The message variable <code>msg</code>.</li>
     </ul> 
	  The rocket model subscribes to the following attributes:
     <ul>
      <li>The rocket's initial position consisting of the two primitive variables <code>inPosX</code> and 
      <code>inPosY</code>.</li>
      <li>The rocket's initial velocity consisting of the two primitive variables <code>inVelX</code> and 
      <code>inVelY</code>.</li>
      <li>The modulus of the air drag force acting on the rocket <code>drag</code>.</li>
     </ul> 
     </p>
      The rocket model subscribes to the following EODiSP synchronization points: EODISP_PAUSE,
      EODISP_STEP, EODISP_RESUME, and EODISP_STOP.
    </Section> 
      
    <Section Title="Rocket Model - Implementation">
     <p> 
      The rocket simulation provides four implementation of the rocket model:
      <ul>
      <li>The <i>Java Implementation</i> implements the rocket model as single Java class.</li>
      <li>The <i>C/C++ Implementation</i> implements the rocket model as single C++ class.</li>
      <li>The <i>Fortran Implementation</i> implements the rocket model as a set of Fortran subroutines.</li>
      <li>The <i>SMP2 Implementation</i> implements the rocket model as an SMP2 model embedded within the
      SimSat2000 environment.</li>
     </ul> 
       The four implementations are
      characterized by the same HLA interface and are therefore fully interchangeable.
      </p>
      <p>
      The Java and C/C++ implementations are very similar and can be discussed together. They implement
      the following UML interface:
     </p> 
      <Figure file="rocketModelClass_1.png">Java and C/C++ Rocket Model Class Interface</Figure>
     <p> 
      The class constructor reads an input file (the <i>rocket model initialization file</i>) that
      defines the rocket's mass and the propagation interval.
      The constructor uses these two values to update the internal variables <code>mass</code> and 
      <code>deltaT</code>.
     </p> 
     <p>  
	  The rocket's propagation equation is implemented in method <code>nextStep</code>.
	  The getter methods correspond to the attributes that the rocket models publishes.
	  The setter methods correspond to attributes that the rocket model subscribes to.
     </p>
     <p>
      The rocket model class is transformed into an HLA federate by embedding it within a
      wrapper. The wrapper recognizes two operational modes for the rocket model: 
      'normal' and 'pause'. The switch from one to the other mode is done in response to
      notifications of the EODiSP_PAUSE and EODiSP_RESUME synchronization points. 
     </p>
     <p> 
      The rocket model wrapper implements the following functionalities:
      <ul>
       <li>It processes notifications that the drag attribute has been updated. When such a 
       notification is received,
       the wrapper calls the corresponding setter method. If the model is 'normal' mode,
       it also calls method <code>nextStep</code>.</li>
       <li>It processes notifications that the initial velocity or initial position
       attributes have been updated. As soon as both attributes have been updated, the wrapper
       calls the corresponding setter methods and, if the model is in 'normal' mode, it then 
       calls method <code>nextStep</code>. Only the first notification of an update to the
       initial position and initial velocity is processed. Any successive notifications are ignored. </li>
       <li>After a call to <code>nextStep</code>, it calls the getter methods to retrieve
	   the state of the rocket model and then updates the corresponding HLA attributes.</li>
	   <li>It processes notifications from the RTI for the EODISP_PAUSE synchronization point and
	   responds by putting the model in 'pause' mode. </li>
	   <li>It processes notifications from the RTI for the EODISP_STEP synchronization point
	   and responds by calling method 
	   <code>nextStep</code>. </li>
	   <li>It processes notifications from the RTI for the EODISP_RESUME synchronization point
	   and responds by putting the model back into 'normal' mode and calling method 
	   <code>nextStep</code>. </li>
	   <li>It processes notifications from the RTI for the EODISP_STOP synchronization point 
	   and responds with a 'synchronization point achieved' message only when the
	   Y component of the rocket position is the same as the Y component of the rocket's initial 
	   position. </li>
      </ul>
      The Fortran implementation of the rocket model is similar to the class-based implementation
      with the following differences:
      <ul>
       <li>The state of the model is stored in a Fortran common block.</li>
       <li>The class methods are implemented as Fortran subroutines that have access to the 
       the same common block implementing the model's state. </li>
      </ul>
	  The wrapper for the Fortran implementation of the rocket model is similar to the wrapper for
	  the class-based implementation with the only difference that instead of calling class methods,
	  it calls Fortran subroutines.      
     </p>
     <p> 
      The SMP2 implementation of the rocket model is still TBD.
     </p>
    </Section> 
      
    <Section Title="The Excel Model">
     <p>
      The excel model is implemented as one single excel workbook that contains one spreasheet.
      The spreadsheet allows the user to define the initial velocity and position of the rocket;
      it displays the two components of the rocket velocity which it receives from the rocket's model;
      and it contains one VBA macro that computes the modulus of the air drag force
      (variable <code>drag</code>) acting on the rocket. 
      The air drag force is computed in accordance with the following algorithm:
      </p><div>
     	<p><code>drag = k * sqrt(velX*velX + velY*velY)</code></p>
     </div><p>
      Thus, the air drag is assumed to be proportional to the square of the velocity. The 
      constant of proportionality k can be set by the user. 
     </p>
     <p>
      The HLA interface of the excel model is defined by the attributes the model publishes,
      by the attributes it subscribes to, and by the synchronization groups to which it subscribes. 
      The excel model publishes the following attributes:
     <ul>
      <li>The rocket's initial position consisting of the two primitive variables <code>inPosX</code> and 
      <code>inPosY</code>.</li>
      <li>The rocket's initial velocity consisting of the two primitive variables <code>inVelX</code> and 
      <code>inVelY</code>.</li>
      <li>The modulus of the air drag force <code>drag</code>.</li>
     </ul> 
	  The rocket model subscribes to the rocket's velocity consisting of the two primitive 
	  variables <code>velX</code> and <code>velY</code>. It subscribes to the EODISP_START and
	  EODISP_STOP synchronization points.
     </p>
     <p>
      The excel model is transformed into an HLA federate by embedding it within a
      wrapper. The excel model wrapper implements the following functionalities:
      <ul>
       <li>It processes notifications that the rocket velocity attribute has been updated. When such a 
       notification is received,
       the wrapper causes the macro that computes the air drag force to be executed and it then
       updates the drag attribute.</li>
       <li>It processes notifications from the RTI for the EODISP_START synchronization point and
	   responds by reading the the values of the rocket's initial position and initial
       velocity from the appropriate excel spreadsheet cells and by using the values thus read to
       update the initial velocity and initial position attributes. </li>
 	   <li>It processes notifications from the RTI for the 'EODISP_STOP synchronization point achieved'
	   and responds by resigning from the federation. </li>
      </ul>
     </p>
    </Section>  
      
    <Section Title="The JChart Plotter Model">
     <p>
      This section is still TBD.
     </p>
    </Section>
     
    <Section Title="The Message Logger Model">
     <p>
      This model consists of a simple Java class that can receive string messages and writes them to 
      a log file. The external interface of the class is as follows:
     </p> 
      <Figure file="messageLoggerClass_1.png">Class Interface of Message Logger Model</Figure>
     <p>  
      The constructor opens the log file. The name of the log file is hard-coded in the class itself.
      Method <code>setMsg</code> writes the string argument to the log file. Method <code>closeLogFile</code>
      must be called to close the log file.
     </p>
     <p> 
      The HLA interface of the message logger model is defined by the attributes the model publishes,
      by the attributes it subscribes to, and by the synchronization groups to which it subscribes. 
      This model only subscribes to the <code>msg</code> attribute and to the EODiSP_STOP 
      synchronization point.
     </p>
     <p>
      The message logger class is transformed into an HLA federate by embedding it within a
      wrapper. The wrapper implements the following functionalities:
      <ul>
       <li>It processes notifications that the message attribute <code>msg</code> has been updated.
       When such a 
       notification is received,
       the wrapper calls method <code>setMsg</code> to cause the message to be written to the log file.</li>
   	   <li>It processes notifications from the RTI for the 'EODISP_STOP synchronization point achieved'
	   and responds by calling method <code>closeLogFile</code> and by resigning from the federation. </li>
    </ul>
     
      
     </p>
    </Section>  
  
 
</Chapter>