<?xml version="1.0" encoding="UTF-8"?>
<Chapter>
  <Title>Developer Manuals</Title>
  <Author>
    <Name>$Author: ibirrer $</Name>
    <EMail>birrer@pnp-software.com</EMail>
  </Author>
  <LastModified>$Date: 2006-11-06 18:46:53 +0100 (Mon, 06 Nov 2006) $</LastModified>
  <Introduction>
    <p>
      This page provides developer-level information about the EODiSP. The EODiSP is a 
      framework that can be instantiated to create a simulator. The term 'developer' designates 
      both persons who wish to instantiate the EODiSP framework, and persons who wish to 
      modify or extend the EODiSP framework.
    </p>
    <p>
      The EODiSP makes extensive use of free and open software from third parties. No attempt 
      is made to provide documentation for these third-party applications although, where 
      appropriate, pointers to where the documentation can be found are provided.
    </p>
  </Introduction>
  <Section Title="Architecture">
    <ul>
      <li><a href="developerManuals/generalArchitecture.html">General architecture</a>: An 
        overview of the EODiSP architecture.</li>
      <li><a href="developerManuals/coreArchitecture.html">EODiSP core</a>: Architectural 
        description of the <i>EODiSP core</i> software package.</li>
      <li><a href="developerManuals/hlaArchitecture.html">EODiSP HLA</a>: Architectural description 
        of the <i>EODiSP HLA</i> software package.</li>
      <li><a href="developerManuals/guiArchitecture.html">EODiSP GUI</a>: The architecture 
        of the EODiSP graphical user interface.</li>
      <li><a href="developerManuals/supportApplications.html">Support Applications</a>: Overview 
        of the support applications provided with the EODiSP.</li>
    </ul>
  </Section>
  <Section Title="Design">
    <ul>
      <li><a href="developerManuals/coreDesign.html">EODiSP core</a>: The technical design 
        of the <i>EODiSP core</i> software package.</li>
      <li><a href="developerManuals/hlaDesign.html">EODiSP HLA</a>: The technical design 
        of the <i>EODiSP HLA</i> software package.</li>
      <li><a href="developerManuals/remoteDesign.html">EODiSP remote</a>: The technical design 
        of the <i>EODiSP remote</i> software package.</li>
      <li><a href="developerManuals/guiDesign.html">EODiSP GUI</a>: The technical design 
        of the EODiSP graphical user interface.</li>
      <li><a href="developerManuals/implementedHLAServices.html">Implemented 
        HLA services</a>: Lists the implementation status for all HLA Services.</li>
      <li><a href="developerManuals/HLAWrapperGenerator.html">HLA Wrapper Generator</a>: 
        design documentation for the HLA Wrapper Generator application.</li>
    </ul>
  </Section>
  <Section Title="API documentation">
    <ul>
      <li><a class="external" href="developerManuals/guiJavadoc/index.html">EODiSP GUI API</a>: 
        EODiSP GUI API Documentation.</li>
      <li><a class="external" href="developerManuals/coreJavadoc/index.html">EODiSP core 
        API</a>: EODiSP GUI API Documentation.</li>
      <li><a class="external" href="developerManuals/hlaJavadoc/index.html">EODiSP HLA API</a>: 
        EODiSP HLA API Documentation.</li>
      <li><a class="external" href="developerManuals/remoteJavadoc/index.html">EODiSP remote 
        API</a>: EODiSP remote API Documentation.</li>
        <li><a class="external" href="developerManuals/utilJavadoc/index.html">EODiSP util 
        API</a>: EODiSP util API Documentation.</li>
         <li><a class="external" href="developerManuals/wrapperJavadoc/index.html">EODiSP wrapper 
        API</a>: EODiSP wrapper API Documentation.</li>
    </ul>
  </Section>
</Chapter>