<?xml version="1.0" encoding="UTF-8"?>
<Chapter>
  <Title>EarthCARE Simulator Configuration</Title>
  <Author>
    <Name>$Author: pasetti $</Name>
    <EMail>pasetti@pnp-software.com</EMail>
  </Author>
  <LastModified>$Date: 2006-05-17 09:39:41 +0200 (Wed, 17 May 2006) $</LastModified>
  <Introduction>
    <p>
      Some of the <a href="../userManuals.html#TestCases">test cases</a> defined for the EODiSP use the 
      <a href="http://www.pnp-software.com/earthcare_simulator">EarthCARE 
      Simulator</a> as a 
      demonstration platform. This page describes the configuration of the EarthCARE Simulator
      that is assumed for the test cases.
    </p>
  </Introduction>

  <Section Title="Model Repositories">
    Two <a href="http://www.pnp-software.com/earthcare_simulator/overview.html#SimulationRepository">simulation 
    repositories</a> 
    have been created for the EODiSP test cases: a local repository 
    useful for operating the EODiSP in local mode, and a remote repository useful for operating the
    EODiSP in remote mode.
   <p>
    The local repository is installed on the platform of the ETH_2 
    <a href="http://www.pnp-software.com/earthcare_simulator/overview.html#SimulationFederateOwners">federate owner</a>.
   </p> 
   <p>
    The remote repository is installed on the platform of the ETH_3
    <a href="http://www.pnp-software.com/earthcare_simulator/overview.html#SimulationFederateOwners">federate owner</a>.   </p> 
  </Section>
  
  <Section Title="Simulator Federates">
    Two simulation federates are installed on the platforms of the 
    <a href="http://www.pnp-software.com/earthcare_simulator/overview.html#SimulationFederateOwners">federate owner</a>.
    The simulation requires all federates to be installed at the same relative path on their respective
    platform. This path is TBD. 
   <p>
    All simulation federates are configured to be unconditionally available to all simulation managers
    with the exception of the TBD federate that is configured not to be available to the PnP_1
    simulation manager (see next section). This allows the simulator to be used to test the ability of the EODiSP to 
    limit availability of a certain federate to selected simulation managers.
   </p>  
  </Section>

  <Section Title="Simulation Manager Application">
    One single simulation manager application is needed for the EODiSP test cases. It is
    installed on the the platform of the PnP_1 
    <a href="http://www.pnp-software.com/earthcare_simulator/overview.html#SimulationFederateOwners">federate owner</a>
    at the following location: TBD. This simulation manager application and the simulation manager
    operating it are referred to as 'PnP_1'.
  </Section>

  <Section Title="Model Manager Applications">
    The EODiSP test cases require one model manager application to be installed on each 
    <a href="http://www.pnp-software.com/earthcare_simulator/overview.html#SimulationFederateOwners">federate owner</a>
    platform. The model manager applications are installed at the following location: TBD.
  </Section>
  
  <Section Title="EarthCARE Simulation Experiment">
    A number of EODiSP test cases require a simulation experiment to be run. The simulation experiment
    is referred to as 'EarthCARE Simulation Experiment'. The experiment uses all the models of the
    EarthCARE Simulator. Its FOM can be downloaded from <a href="TBD">here</a>. 
    <p>
    The simulation experiment includes two simulation runs. TBD: links to the files that define 
    the simulation experiment and their initialization data.
    </p>
  </Section>
  
</Chapter>