<?xml version="1.0" encoding="UTF-8"?>
<Chapter>
  <Title>Test Case TC_106</Title>
  <Author>
    <Name>$Author: pasetti $</Name>
    <EMail>pasetti@pnp-software.com</EMail>
  </Author>
  <LastModified>$Date: 2006-05-17 09:39:41 +0200 (Wed, 17 May 2006) $</LastModified>
  <Introduction>This page describes one of the
    <a href="../userManuals.html#TestCases">test cases</a>
    of the EODiSP. The test case described in this page instantiates a nominal scenario 
    of the use case
  
    <a href="UC_106.html">UC_106</a>.
    <p>
      This test case uses the <a href="http://www.pnp-software.com/earthcare_simulator">EarthCARE 
      Simulator</a> as a test platform. The simulator is operated in its <a href="earthCAREConfiguration.html">default 
      configuration</a>.
    </p>
  </Introduction>
  <Section Title="Overview">
    <table WIDTH="90%" BORDER="1" CELLPADDING="4" CELLSPACING="0">
      <tr>
        <td>
          <I>Identifier</I>
        </td>
        <td>TC_106</td>
      </tr>
      <tr>
        <td>
          <I>Name</I>
        </td>
        <td>Run EarthCARE Simulation Experiment</td>
      </tr>
      <tr>
        <td>
          <I>Primary Actor</I>
        </td>
        <td>
          <a href="earthCAREConfiguration.html#SimulationManagerApplication">PnP_1 Simulation Owner</a>
        </td>
      </tr>
      <tr>
        <td>
          <I>Description</I>
        </td>
        <td>Describes the steps to run the EarthCARE Simulator.</td>
      </tr>
      <tr>
        <td>
          <I>Pre-Condition</I>
        </td>
        <td>Test case
          <a href="TC_104.html">TC_104</a> (Configure EarthCARE Simulation Experiment) has been successfully completed.
        </td>
      </tr>
      <tr>
        <td>
          <I>Post-Condition</I>
        </td>
        <td>The EarthCARE simulation experiment has run and completed successfully.</td>
      </tr>
    </table>
  </Section>
  <Section Title="Steps">
    <ol>
      <li>In case it is not already opened, the actor opens the experiment that he wants to 
        run. This can be done by selecting <i>Switch Experiment</i> from the <i>File</i> menu and 
        selecting the desired experiment from the list that is displayed in the dialog.</li>
      <li>System opens the chosen experiment.</li>
      <li>Actor right-clicks on the experiment node and selects <i>Simulation -&gt; Prepare 
        Experiment</i> from the pop-up menu.</li>
      <li>System shows on the information panel that the experiment has been prepared.</li>
      <li>Actor right-clicks on the experiment node and selects <i>Simulation -&gt; Start Experiment</i> 
        from the pop-up menu.</li>
      <li>System automatically runs the experiment and shows the runtime information about 
        the experiment in the information view.</li>
      <li>
      <li>
      Actor selects <i>Start</i> in the <i>sim_controller</i> federate when the experiment is initialized and ready to run.
      </li>
      Actor right-clicks on the experiment node and selects <i>Simulation -&gt; Switch to Step by Step Mode</i> from the pop-up menu immediately after the system displays that the experiment has
      started. In the simulator, the <i>rad_filter</i>, the <i>radar</i>, and the <i>lidar_ret</i> federates support
      the step-by-step functionality.
      </li>
      <li>
      System enters the paused state and displays it in the runtime information.
      </li>
      <li>
      The <i>rad_filter</i> federate stops processing. That is, it does not send data to the <i>radar</i> federate.
      All other federates run as usual.
      </li>
      <li>
     Actor right-clicks on the experiment node and selects <i>Simulation -&gt; Execute Next Step</i> from the pop-up menu
     when the <i>rad_filter</i> federate is ready to send its data.
      </li>
      <li>
      The <i>rad_filter</i> federate sends its data to the <i>radar</i> federate and stops processing.
      </li>
      <li>
     Actor right-clicks on the experiment node and selects <i>Simulation -&gt; Execute Next Step</i> from the pop-up menu
     when the <i>radar</i> federate is ready to send its data.
      </li>
      <li>
      The <i>radar</i> federate sends its data to the <i>lidar_ret1</i> federate and stops processing.
      </li>
      <li>
     Actor right-clicks on the experiment node and selects <i>Simulation -&gt; Resume Experiment</i> from the pop-up menu
     when the <i>lidar_ret1</i> federate is ready to send its data.
      </li>
      <li>
      System changes status back to running and executes the remaining steps without interruption.
      </li>
      <li>
		Actor selects <i>Stop</i> in the <i>sim_controller</i> federate when all federates, except the <i>orbit_propagator</i>
		have completed their tasks (the <i>orbit_propagator</i> does never stop running by convention).
      </li>
      <li>System automatically detects that the experiment has finished executing.</li>
      <li>System returns to the initial state.</li>
    </ol>
  </Section>
</Chapter>