<?xml version="1.0" encoding="UTF-8"?>
<Chapter>
  <Title>Test Case TC_102</Title>
  <Author>
    <Name>$Author: pasetti $</Name>
    <EMail>pasetti@pnp-software.com</EMail>
  </Author>
  <LastModified>$Date: 2006-05-17 09:39:41 +0200 (Wed, 17 May 2006) $</LastModified>
  <Introduction>This page describes one of the
    <a href="../userManuals.html#TestCases">test cases</a>
    of the EODiSP. The test case described in this page instantiates a nominal scenario 
    of the use case
  
    <a href="UC_102.html">UC_102</a>.
    <p>
      This test case uses the <a href="http://www.pnp-software.com/earthcare_simulator">EarthCARE 
      Simulator</a> as a test platform. The simulator is operated in its <a href="earthCAREConfiguration.html">default 
      configuration</a>.
    </p>
  </Introduction>
  <Section Title="Overview">
    <table WIDTH="90%" BORDER="1" CELLPADDING="4" CELLSPACING="0">
      <tr>
        <td><i>Identifier</i></td>
        <td>TC_102</td>
      </tr>
      <tr>
        <td><i>Name</i></td>
        <td>Set-up Simulation Manager Application</td>
      </tr>
      <tr>
        <td><i>Primary Actor</i></td>
        <td>
          <a href="earthCAREConfiguration.html#SimulationManagerApplication">PnP_1 Simulation Owner</a>
        </td>
      </tr>
      <tr>
        <td><i>Description</i></td>
        <td>
          Describes the steps required to get a running, fully functional simulation manager 
          application. After this, simulation experiments can be configured and run.
        </td>
      </tr>
      <tr>
        <td><i>Pre-Condition</i></td>
        <td>
          The <a href="earthCAREConfiguration.html#SimulationManagerApplication">PnP_1 Simulation 
          Manager</a> application must be installed.
        </td>
      </tr>
      <tr>
        <td><i>Post-Condition</i></td>
        <td>
          (1) The simulation manager application runs. (2) The EODiSP network infrastructure 
          is initialised. (3) The simulation manager application is ready to be configured.
        </td>
      </tr>
    </table>
  </Section>
  <Section Title="Steps">
    <ol>
      <li>Actor starts the simulation manager application by entering the following command 
        at the operating system prompt: <code>java -jar eodisp_sm.jar</code></li>
      <li>System shows the GUI of the simulation manager application to the actor.</li>
      <li>Actor opens the preferences dialog by choosing <i>Preferences...</i> from the Settings 
        menu.</li>
      <li>Actor fills in information in the <i>General</i> Tab of the preferences dialog. Required 
        are the <code>Repository URI</code> and the <code>CRC URI</code> . The values to fill 
        in are provided by the person that started the repository and/or the CRC respectively. 
        The actor may wish to fill in information about the simulation manager application 
        and/or himself to make later identification easier.</li>
      <li>Actor chooses to save the values by pressing the <i>Save &amp; Exit</i> button.</li>
      <li>System automatically saves the configuration.</li>
      <li>Actor chooses to connect to the repository by either pressing the <i>connect icon</i> 
        or by selecting <i>Connect</i> from the <i>Repository</i> menu.</li>
      <li>System connects to the Repository and indicates an established connection by disabling 
        the <i>connect icon</i></li>
      <li>Actor chooses to register the simulation manager application in the repository by 
        choosing <i>Register Application</i> from the Repository menu. This menu item will 
        only be accessible if the application is currently not registered in the connected 
        repository.</li>
    </ol>
  </Section>
</Chapter>