<?xml version="1.0" encoding="UTF-8"?>
<Chapter>
  <Title>Test Case TC_112</Title>
  <Author>
    <Name>$Author: pasetti $</Name>
    <EMail>pasetti@pnp-software.com</EMail>
  </Author>
  <LastModified>$Date: 2006-05-17 09:39:41 +0200 (Wed, 17 May 2006) $</LastModified>
  <Introduction>This page describes one of the
    <a href="../userManuals.html#TestCases">test cases</a>
    of the EODiSP. The test case described in this page instantiates a nominal scenario 
    of the use case
  
    <a href="UC_112.html">UC_112</a>.
    <p>
      This test case uses the <a href="http://www.pnp-software.com/earthcare_simulator">EarthCARE 
      Simulator</a> as a test platform. The simulator is operated in its <a href="earthCAREConfiguration.html">default 
      configuration</a>.
    </p>
  </Introduction>
  <Section Title="Overview">
    <table WIDTH="90%" BORDER="1" CELLPADDING="4" CELLSPACING="0">
      <tr>
        <td>
          <I>Identifier</I>
        </td>
        <td>TC_112</td>
      </tr>
      <tr>
        <td>
          <I>Name</I>
        </td>
        <td>Configure Simulation Manager Log</td>
      </tr>
      <tr>
        <td>
          <I>Primary Actor</I>
        </td>
        <td>
          <a href="earthCAREConfiguration.html#SimulationManagerApplication">PnP_1 Simulation Owner</a>
        </td>
      </tr>
      <tr>
        <td>
          <I>Description</I>
        </td>
        <td>
          Describes the steps to change the configuration of the logging facility used for 
          the simulation manager application.
        </td>
      </tr>
      <tr>
        <td>
          <I>Pre-Condition</I>
        </td>
        <td>Test case
          <a href="TC_104.html">TC_104</a> (Configure EarthCARE Simulation Experiment) has been successfully completed.
        </td>
      </tr>
      <tr>
        <td>
          <I>Post-Condition</I>
        </td>
        <td>The logging facility is changed to show customized logging information.</td>
      </tr>
    </table>
  </Section>
  <Section Title="Steps">
    <ol>
      <li>Actor closes the simulation manager application if it is still running.</li>
      <li>Actor opens the configuration file of the logging module for the simulation manager 
        application as described in the <a href="../userManuals.html#ConfigurationFiles">user 
        manual</a>.</li>
      <li>Actor changes the configuration values in the file to use a custom logging file. 
        Such a custom file is by default available in the <code>conf</code> directory for 
        each application. Thus, the actor uncomments the configuration value <code>use-custom-file</code>.</li>
      <li>Actor may wish to adjust the settings in the <code>custom-log4j.conf</code> to his 
        needs.</li>
      <li>Actor starts the simulation manager.</li>
      <li>System now uses the custom settings from the file and logs them accordingly.</li>
    </ol>
  </Section>
</Chapter>