<?xml version="1.0" encoding="UTF-8"?>
<Chapter>
  <Title>Test Case TC_110</Title>
  <Author>
    <Name>$Author: pasetti $</Name>
    <EMail>pasetti@pnp-software.com</EMail>
  </Author>
  <LastModified>$Date: 2006-05-17 09:39:41 +0200 (Wed, 17 May 2006) $</LastModified>
  <Introduction>This page describes one of the
    <a href="../userManuals.html#TestCases">test cases</a>
    of the EODiSP. The test case described in this page instantiates a nominal scenario 
    of the use case
  
    <a href="UC_110.html">UC_110</a>.
    <p>
      This test case uses the <a href="http://www.pnp-software.com/earthcare_simulator">EarthCARE 
      Simulator</a> as a test platform. The simulator is operated in its <a href="earthCAREConfiguration.html">default 
      configuration</a>.
    </p>
  </Introduction>
  <Section Title="Overview">
    <table WIDTH="90%" BORDER="1" CELLPADDING="4" CELLSPACING="0">
      <tr>
        <td>
          <I>Identifier</I>
        </td>
        <td>TC_110</td>
      </tr>
      <tr>
        <td>
          <I>Name</I>
        </td>
        <td>Abort a running EarthCARE Simulation Experiment</td>
      </tr>
      <tr>
        <td>
          <I>Primary Actor</I>
        </td>
        <td>
          <a href="earthCAREConfiguration.html#SimulationManagerApplication">PnP_1 Simulation Owner</a>
        </td>
      </tr>
      <tr>
        <td>
          <I>Description</I>
        </td>
        <td>Describes the steps to abort a running instance of the EarthCARE Simulator.</td>
      </tr>
      <tr>
        <td>
          <I>Pre-Condition</I>
        </td>
        <td>Test case
          <a href="TC_106.html">TC_106</a> (Run EarthCARE Simulation Experiment) has partially 
          completed. This means that the experiment 
          has been started and is in running state but has not yet completed executing.
        
        </td>
      </tr>
      <tr>
        <td>
          <I>Post-Condition</I>
        </td>
        <td>
          The EarthCARE simulation experiment is in a clean stopped state and is ready to be started
          again.
        </td>
      </tr>
    </table>
  </Section>
  <Section Title="Steps">
    <ol>
      <li>Actor right-clicks on the experiment node and selects <i>Interrupt/Cancel Experiment</i>.</li>
      <li>System immediately stops the execution of the experiment by first issue a federate 
        stop request to all involved model manager applications and by stopping all locally 
        executing tasks for the experiment.</li>
      <li>System shows the state of of the experiment when terminating.</li>
      <li>After stopping all tasks, the system enters a clean state in which it is ready to 
        execute the experiment again.</li>
    </ol>
  </Section>
</Chapter>