<?xml version="1.0" encoding="UTF-8"?>
<Chapter>
  <Title>Test Case TC_104</Title>
  <Author>
    <Name>$Author: pasetti $</Name>
    <EMail>pasetti@pnp-software.com</EMail>
  </Author>
  <LastModified>$Date: 2006-05-17 09:39:41 +0200 (Wed, 17 May 2006) $</LastModified>
  <Introduction>This page describes one of the
    <a href="../userManuals.html#TestCases">test cases</a>
    of the EODiSP. The test case described in this page instantiates a nominal scenario 
    of the use case
  
    <a href="UC_104.html">UC_104</a>. Test case
    <p>
      This test case uses the <a href="http://www.pnp-software.com/earthcare_simulator">EarthCARE 
      Simulator</a> as a test platform. The simulator is operated in its <a href="earthCAREConfiguration.html">default 
      configuration</a>.
    </p>
  </Introduction>
  <Section Title="Overview">
    <table WIDTH="90%" BORDER="1" CELLPADDING="4" CELLSPACING="0">
      <tr>
        <td><i>Identifier</i></td>
        <td>TC_104</td>
      </tr>
      <tr>
        <td><i>Name</i></td>
        <td>Configure EarthCARE Simulation Experiment</td>
      </tr>
      <tr>
        <td><i>Primary Actor</i></td>
        <td>
          <a href="earthCAREConfiguration.html#SimulationManagerApplication">PnP_1 Simulation Owner</a>
        </td>
      </tr>
      <tr>
        <td><i>Description</i></td>
        <td>
          Describes the configuration of an experiment to be run with the EarthCARE Simulator.
        </td>
      </tr>
      <tr>
        <td><i>Pre-Condition</i></td>
        <td>
          Test case <a href="TC_102.html">TC_102</a> (set-up simulation manager application) 
          has been successfully completed.
        </td>
      </tr>
      <tr>
        <td><i>Post-Condition</i></td>
        <td>The EarthCARE simulation experiment is configured and ready to be run.</td>
      </tr>
    </table>
  </Section>
  <Section Title="Steps">
    <ol>
      <li>Actor chooses to create a new experiment by selecting <i>New Experiment</i> from 
        the File menu. The actor may alternatively use the currently open experiment.</li>
      <li>System creates a new experiment and displays its initial name in the current experiment 
        view.</li>
      <li>Actor sets a name for the experiment. This can be done by either clicking on the 
        experiment node (which will change to text input mode) or by changing the appropriate 
        value in the property sheet view.</li>
      <li>System sets the name of the experiment</li>
      <li>User adds a federation by right-clicking the mouse when over the experiment node 
        and selecting <i>Add Federation Execution</i>.</li>
      <li>System will add a node that represents the new federation execution.</li>
      <li>Actor sets a name for the newly created federation with the same procedure as used for setting 
        the name for the experiment.</li>
      <li>System sets the name of the federation execution.</li>
      <li>Actor adds all federates required to run the EarthCARE simulation to the federation. 
        This can be done by right-clicking on the federation node and selecting <i>Add Federate</i> 
        from the pop-up menu.</li>
      <li>System will show a dialog that displays a list of federates which are registered 
        in the repository.</li>
      <li>Actor chooses all federates from the list and selects <i>Add Selected</i>.</li>
      <li>System closes the dialog and adds the selected federates to the federation.</li>
      <li>Actor may wish to add a file with initialization data to each federate. This can 
        be done by right-clicking on the federate node and selecting <i>Add Init Data</i> 
        from the pop-up menu.</li>
      <li>System shows a dialog that lets the actor choose a file to add as init data to the 
        selected federate.</li>
      <li>Actor chooses <i>Select &amp; Exit</i> button.</li>
      <li>System adds an initialization data node to the appropriate federate.</li>
      <li>Actor may wish to add more federation to form an experiment that performs multiple 
      simulation runs consecutively.</li>
    </ol>
  </Section>
</Chapter>