<?xml version="1.0" encoding="UTF-8"?>
<Chapter>
  <Title>Test Case TC_108</Title>
  <Author>
    <Name>$Author: pasetti $</Name>
    <EMail>pasetti@pnp-software.com</EMail>
  </Author>
  <LastModified>$Date: 2006-05-17 09:39:41 +0200 (Wed, 17 May 2006) $</LastModified>
  <Introduction>This page describes one of the
    <a href="../userManuals.html#TestCases">test cases</a>
    of the EODiSP. The test case described in this page instantiates a nominal scenario 
    of the use case
  
    <a href="UC_108.html">UC_108</a>.
    <p>
      This test case uses the <a href="http://www.pnp-software.com/earthcare_simulator">EarthCARE 
      Simulator</a> as a test platform. The simulator is operated in its <a href="earthCAREConfiguration.html">default 
      configuration</a>.
    </p>
  </Introduction>
  <Section Title="Overview">
    <table WIDTH="90%" BORDER="1" CELLPADDING="4" CELLSPACING="0">
      <tr>
        <td><i>Identifier</i></td>
        <td>TC_108</td>
      </tr>
      <tr>
        <td><i>Name</i></td>
        <td>Load or Save Configuration</td>
      </tr>
      <tr>
        <td><i>Primary Actor</i></td>
        <td>
          <a href="earthCAREConfiguration.html#SimulationManagerApplication">PnP_1 Simulation Owner</a>
        </td>
      </tr>
      <tr>
        <td><i>Description</i></td>
        <td>
          Describes the steps to use an existing experiment configuration with another instance 
          of a simulation manager application. The two instances of the simulation manager 
          applications are called SM1 for the source application and SM2 for the target application.
        </td>
      </tr>
      <tr>
        <td><i>Pre-Condition</i></td>
        <td>
          (1) Test case <a href="TC_104.html">TC_104</a> (Configure EarthCARE Simulation Experiment) 
          has been successfully completed for SM1. (2) Test case <a href="TC_102.html">TC_102</a> 
          (Set-up Simulation Manager Application) has been successfully completed for SM2.
        </td>
      </tr>
      <tr>
        <td><i>Post-Condition</i></td>
        <td>
          The configuration is ready to be used by another instance of a simulation manager application.
        </td>
      </tr>
    </table>
  </Section>
  <Section Title="Steps">
    <ol>
      <li>Actor locates the simulation manager project file (<code>smProject.datagraph</code>) 
        in the working directory of the source simulation manager. The file is located in 
        the <code>data</code> directory in the working directory. The working directory itself 
        can be found by using the instructions from the <a href="../userManuals.html#ConfigurationFiles">user 
        manual</a>.</li>
      <li>Actor copies the file to the data directory in the working directory of the target 
        simulation manager. For this, he uses operating system tools (such as the <code>cp</code> 
        command on the Linux console).</li>
      <li>System automatically uses the configuration stored in the file.</li>
    </ol>
  </Section>
</Chapter>