<?xml version="1.0" encoding="UTF-8"?>
<Chapter>
  <Title>Test Case TC_202</Title>
  <Author>
    <Name>$Author: pasetti $</Name>
    <EMail>pasetti@pnp-software.com</EMail>
  </Author>
  <LastModified>$Date: 2006-05-17 09:39:41 +0200 (Wed, 17 May 2006) $</LastModified>
  <Introduction>This page describes one of the
    <a href="../userManuals.html#TestCases">test cases</a>
    of the EODiSP. The test case described in this page instantiates a nominal scenario 
    of the use case
  
    <a href="UC_202.html">UC_202</a>.
    <p>
      This test case uses the <a href="http://www.pnp-software.com/earthcare_simulator">EarthCARE 
      Simulator</a> as a test platform. The simulator is operated in its <a href="earthCAREConfiguration.html">default 
      configuration</a>.
    </p>
  </Introduction>
  <Section Title="Overview">
    <table>
      <tr>
        <td><i>Identifier</i></td>
        <td>TC_202</td>
      </tr>
      <tr>
        <td><i>Name</i></td>
        <td>Set-up Model Manager Application</td>
      </tr>
      <tr>
        <td><i>Primary Actor</i></td>
        <td>
         <a href="http://www.pnp-software.com/earthcare_simulator/overview.html#SimulationFederateOwners">ETH_2 Model Owner</a>
        </td>
      </tr>
      <tr>
        <td><i>Description</i></td>
        <td>
          Describes the steps to arrive at a running, fully functional model manager application.
        </td>
      </tr>
      <tr>
        <td><i>Pre-Condition</i></td>
        <td>The model manager application must be installed on the ETH_2 platform.</td>
      </tr>
      <tr>
        <td><i>Post-Condition</i></td>
        <td>
          (1) The ETH_2 model manager application runs. (2) The EODiSP network infrastructure 
          is initialised.
        </td>
      </tr>
    </table>
  </Section>
  <Section Title="Steps">
    <ol>
      <li>Actor starts the model manager application by entering the following command at the 
        operating system prompt: <code>java -jar eodisp_mm.jar</code></li>
      <li>System shows the GUI of the model manager application to the actor.</li>
      <li>Actor opens the preferences dialog by choosing <i>Preferences...</i> from the <i>Settings</i> 
        menu.</li>
      <li>Actor fills in information in the <i>General</i> Tab of the preferences dialog. Required 
        is the <code>Repository URI</code>. The values to fill in are provided by the person 
        that started the repository application. The actor may wish to fill in information 
        about the simulation manager application and/or himself to make later identification 
        easier.</li>
      <li>Actor chooses to save the values by pressing the <i>Save &amp; Exit</i> button.</li>
      <li>System automatically saves the configuration.</li>
      <li>Actor chooses to connect to the repository by either pressing the <i>Connect Icon</i> 
        or by selecting <i>Connect</i> from the <i>Repository</i> menu.</li>
      <li>System connects to the Repository and indicates an established connection by disabling 
        the <i>connect icon</i></li>
      <li>Actor chooses to register the model manager application in the repository by choosing 
        <i>Register Application</i> from the <i>Repository</i> menu. This menu item will only be 
        accessible if the application is currently not registered in the connected repository.</li>
    </ol>
  </Section>
</Chapter>