<?xml version="1.0" encoding="UTF-8"?>
<Chapter>
  <Title>Test Case TC_204</Title>
  <Author>
    <Name>$Author: pasetti $</Name>
    <EMail>pasetti@pnp-software.com</EMail>
  </Author>
  <LastModified>$Date: 2006-05-17 09:39:41 +0200 (Wed, 17 May 2006) $</LastModified>
  <Introduction>This page describes one of the
    <a href="../userManuals.html#TestCases">test cases</a>
    of the EODiSP. The test case described in this page instantiates a nominal scenario 
    of the use case
  
    <a href="UC_204.html">UC_204</a>.
    <p>
      This test case uses the <a href="http://www.pnp-software.com/earthcare_simulator">EarthCARE 
      Simulator</a> as a test platform. The simulator is operated in its <a href="earthCAREConfiguration.html">default 
      configuration</a>.
    </p>
  </Introduction>
  <Section Title="Overview">
    <table>
      <tr>
        <td>
          <i>Identifier</i>
        </td>
        <td>TC_204</td>
      </tr>
      <tr>
        <td>
          <i>Name</i>
        </td>
        <td>Set-up Model Manager Application</td>
      </tr>
      <tr>
        <td>
          <i>Primary Actor</i>
        </td>
         <td><a href="http://www.pnp-software.com/earthcare_simulator/overview.html#SimulationFederateOwners">ETH_2 Model Owner</a></td>
      </tr>
      <tr>
        <td>
          <i>Description</i>
        </td>
        <td>
          Describes the steps to arrive at a running, fully functional model manager application.
        </td>
      </tr>
      <tr>
        <td>
          <i>Pre-Condition</i>
        </td>
        <td>Test case
          <a href="TC_202.html">TC_202</a> (Set-up Model Manager Application) has been successfully completed.
        </td>
      </tr>
      <tr>
        <td>
          <i>Post-Condition</i>
        </td>
        <td>
          All federates owned by ETH_2 required to run the EarthCARE Simulation are registered 
          in the repository 
          and ready to be used by the simulation manager
        </td>
      </tr>
    </table>
  </Section>
  <Section Title="Steps">
    <ol>
      <li>Actor exits the model manager application if it is still running.</li>
      <li>Actor copies all federates that he will need for the EarthCARE simulator 
        to the <code>data/federates</code> directory in the current working directory of 
        the model manager.
        Copying is done by using ordinary operating system tools.</li>
      <li>Actor starts the model manager application.</li>
      <li>System shows all federates that have just been copied.</li>
       <li>Actor chooses to connect to the repository by either pressing the <i>Connect Icon</i> 
        or by selecting <i>Connect</i> from the <i>Repository</i> menu.</li>
      <li>System connects to the Repository and indicates an established connection by disabling 
        the <i>connect icon</i></li>
      <li>Actor chooses, for each of the federates, to register it in the model repository application 
        by right-clicking on the federate an selecting <i>Register Federate</i>.</li>
      <li>Actor chooses to upload the changes by either clicking the <i>Up-Arrow Button</i> 
        or by selecting <i>Save to Repository</i> from the Repository menu.</li>
      <li>Actor manages the permissions for each registered federate. This is done by right-clicking 
        on the federate and selecting <i>Manage Permissions.</i></li>
      <li>System shows the permission dialog.</li>
      <li>Actor chooses to allow every simulation manager that participates in the EarthCARE 
        simulator to use the selected federate.</li>
      <li>Actor chooses to upload the changes by either clicking the <i>Up-Arrow Button</i> 
        or by selecting <i>Save to Repository</i> from the Repository menu.</li>
      <li>Actor adds additional information for each registered federate by right-clicking 
        on the federate and selecting <i>Add Additional Information</i>.</li>
      <li>System shows the dialog.</li>
      <li>Actor adds information about the machine on which the federate is running (e.g. 
        operating system, Java version, etc.).</li>
      <li>Actor chooses to upload the changes by either clicking the <i>Up-Arrow Button</i> 
        or by selecting <i>Save to Repository</i> from the Repository menu.</li>
    </ol>
  </Section>
</Chapter>