<?xml version="1.0" encoding="UTF-8"?>
<Chapter>
  <Title>Test Case TC_302</Title>
  <Author>
    <Name>$Author: pasetti $</Name>
    <EMail>pasetti@pnp-software.com</EMail>
  </Author>
  <LastModified>$Date: 2006-05-17 09:39:41 +0200 (Wed, 17 May 2006) $</LastModified>
  <Introduction>This page describes one of the
    <a href="../userManuals.html#TestCases">test cases</a>
    of the EODiSP. The test case described in this page instantiates a nominal scenario 
    of the use case
  
    <a href="UC_302.html">UC_302</a>.
    <p>
      This test case describes the steps required to generate an HLA wrapper for an excel-based 
      model. The test case assumes that the excel-based model is identical to the <code>Sim_Controller</code> 
      model of the <a href="http://www.pnp-software.com/earthcare_simulator">EarthCARE 
      Simulator</a> with one difference: The target excel-based model has one additional 
      output parameter called <code>offset</code>.
    </p>
  </Introduction>
  <Section Title="Overview">
    <table>
      <tr>
        <td><i>Identifier</i></td>
        <td>TC_302</td>
      </tr>
      <tr>
        <td><i>Name</i></td>
        <td>Generate Wrapper Code for an Excel Workbook</td>
      </tr>
      <tr>
        <td><i>Primary Actor</i></td>
         <td><a href="http://www.pnp-software.com/earthcare_simulator/overview.html#SimulationFederateOwners">ETH_2 Model Owner</a></td>
      </tr>
      <tr>
        <td><i>Description</i></td>
        <td>
          Describes the steps required to change the existing <code>sim_controller</code> federate. This 
          is the federate that wraps an Excel Workbook. The change to be performed is to add 
          an <i>offset</i> parameter to the <i>orbit_propagator</i>.
        </td>
      </tr>
      <tr>
        <td><i>Pre-Condition</i></td>
        <td>
          (1) The SOM for the sim_controller must be available. (2) The Java template class 
          file for the <code>sim_controller</code> federate is available. (3) The Excel Workbook is available. 
          (4) Microsoft Excel is installed on the model owner's computer.
        </td>
      </tr>
      <tr>
        <td><i>Post-Condition</i></td>
        <td>
          A <code>sim_controller</code> federate with the additional <i>offset</i> parameter added. This 
          federate could be integrated into the EarthCARE simulator.
        </td>
      </tr>
    </table>
  </Section>
  <Section Title="Steps">
    <ol>
      <li>Actor adds the <i>offset</i> attribute to the <a href="http://www.pnp-software.com/earthcare_simulator/download/SimController.som">sim_controller 
        SOM file</a>.</li>
      <li>Actor runs the <a href="../developerManuals/HLAWrapperGenerator.html"> HLA Wrapper 
        Generator Application</a> to create the HLA wrapper skeleton (see test case <a href="TC_320.html">TC_320</a>).</li>
      <li>System generates the Java classes.</li>
      <li>Actor adds the <i>offset</i> parameter to the appropriate Excel Worksheet and associates 
        a name to it.</li>
      <li>Actor uses the Excel Wrapper Generator to generate the Java classes for the changed 
        sim_controller Workbook.</li>
      <li>System generates the Java classes.</li>
      <li>Actor opens the <a href="http://www.pnp-software.com/earthcare_simulator/download/SimControllerFederateImpl.java">Excel 
        wrapper template</a> file provided by the EODiSP. The template file is a Java class 
        with comments. These comments are self-explanatory and show the actor where to insert 
        custom code.</li>
    </ol>
  </Section>
</Chapter>