<?xml version="1.0" encoding="UTF-8"?>
<Chapter>
  <Title>Test Case TC_318</Title>
  <Author>
    <Name>$Author: pasetti $</Name>
    <EMail>pasetti@pnp-software.com</EMail>
  </Author>
  <LastModified>$Date: 2006-05-17 09:39:41 +0200 (Wed, 17 May 2006) $</LastModified>
  <Introduction>This page describes one of the
    <a href="../userManuals.html#TestCases">test cases</a>
    of the EODiSP. The test case described in this page instantiates a nominal scenario 
    of the use case
  
    <a href="UC_318.html">UC_318</a>.
    <p>
      This test case uses the <a href="http://www.pnp-software.com/earthcare_simulator">EarthCARE 
      Simulator</a> as a test platform. The simulator is operated in its <a href="earthCAREConfiguration.html">default 
      configuration</a>.
    </p>
  </Introduction>
  <Section Title="Overview">
    <table>
      <tr>
        <td><i>Identifier</i></td>
        <td>TC_318</td>
      </tr>
      <tr>
        <td><i>Name</i></td>
        <td>Deploy an HLA federate.</td>
      </tr>
      <tr>
        <td><i>Primary Actor</i></td>
         <td><a href="http://www.pnp-software.com/earthcare_simulator/overview.html#SimulationFederateOwners">ETH_2 Model Owner</a></td>
      </tr>
      <tr>
        <td><i>Description</i></td>
        <td>
          <p>
            Describes the step to deploy an HLA federate. This steps apply to each federate for 
            the EarthCARE simulator.
          </p>
          <p>A federate can be deployed in two physical formats</p>
          <ul>
            <li>One single jar file</li>
            <li>A directory containing the code</li>
          </ul>
          <p>In both cases, a Manifest file with the correct information must be present.</p>
        </td>
      </tr>
      <tr>
        <td><i>Pre-Condition</i></td>
        <td>
          (1) The HLA federate has been developed. (2) A Java Programming Environment (IDE) 
          such as <a href="http://www.eclipse.org">Eclipse</a> is available.
        </td>
      </tr>
      <tr>
        <td><i>Post-Condition</i></td>
        <td>One single jar file containing the federate.</td>
      </tr>
    </table>
  </Section>
  <Section Title="Steps">
    <ol>
      <li>Actor creates a <i>MANIFEST.MF</i> file for the federate he has developed. Such a 
        file includes meta information about a bundle (i.e. a project). The following information 
        should be included in the file:
      <ul>
        <li><i>Manifest-Version:</i> Version of the MANIFEST.MF file.</li>
        <li><i>Bundle-ManifestVersion:</i> Version of the MANIFEST.MF file in the bundle.</li>
        <li><i>Bundle-Name:</i> Name of the bundle</li>
        <li><i>Bundle-Description:</i> Description of the bundle</li>
        <li><i>Bundle-SymbolicName:</i> Identification of the bundle</li>
        <li><i>Bundle-Version:</i> Version of the bundle</li>
        <li><i>Som-Id:</i> Identification of the SOM to which this federate complies to.</li>
        <li><i>Som-Version:</i> Version of the SOM to which this federate complies to.</li>
        <li><i>Main-Class:</i> The main class which is used to start the federate</li>
      </ul>
      </li>
      <li>Actor exports the whole project as <code>.jar</code> file by using the mechanism 
        provided by the IDE. Alternatively, the actor may choose to deploy the whole directory.</li>
    </ol>
  </Section>
</Chapter>