<?xml version="1.0" encoding="UTF-8"?>
<Chapter>
  <Title>Test Case TC_312</Title>
  <Author>
    <Name>$Author: pasetti $</Name>
    <EMail>pasetti@pnp-software.com</EMail>
  </Author>
  <LastModified>$Date: 2006-05-17 09:39:41 +0200 (Wed, 17 May 2006) $</LastModified>
  <Introduction>This page describes one of the
    <a href="../userManuals.html#TestCases">test cases</a>
    of the EODiSP. The test case described in this page instantiates a nominal scenario 
    of the use case
  
    <a href="UC_312.html">UC_312</a>.
    <p>
      This test case describes the steps required to generate an HLA wrapper for an model 
      consisting of one single executable. The executable is the scene_creator program 
      of the <a href="http://www.pnp-software.com/earthcare_simulator">EarthCARE Simulator</a> 
      with one difference: the value of the <strong>H2O scale factor</strong> configuration 
      parameter is set to a new value.
    </p>
  </Introduction>
  <Section Title="Overview">
    <table>
      <tr>
        <td><i>Identifier</i></td>
        <td>TC_312</td>
      </tr>
      <tr>
        <td><i>Name</i></td>
        <td>Generate Wrapper Code for a Standalone Executable</td>
      </tr>
      <tr>
        <td><i>Primary Actor</i></td>
        <td>
          <a href="http://www.pnp-software.com/earthcare_simulator/overview.html#SimulationFederateOwners">ETH_2 
          Model Owner</a>
        </td>
      </tr>
      <tr>
        <td><i>Description</i></td>
        <td>
          Describes the steps required to set the <strong>H2O scale factor</strong> value in 
          the config file of the <i>scene_creator</i> federate.
        </td>
      </tr>
      <tr>
        <td><i>Pre-Condition</i></td>
        <td>
          (1) The Java template class file for the <i>scene_creator</i> federate is available. 
          (2) The EarthCARE software is installed.
        </td>
      </tr>
      <tr>
        <td><i>Post-Condition</i></td>
        <td>
          The <strong>H2O scale factor</strong> value of the <i>scene_creator</i> federate 
          is set to the value 1.1.
        </td>
      </tr>
    </table>
  </Section>
  <Section Title="Steps">
    <ol>
      <li>Actor adds a method to the <a href="http://www.pnp-software.com/earthcare_simulator/download/SceneCreatorWrapper.java">SceneCreatorWrapper.java</a> 
        file to set the <strong>H2O scale factor</strong> value of the <i>scene_creator</i> 
        utility.</li>
      <li>Actor changes the <a href="http://www.pnp-software.com/earthcare_simulator/download/SceneCreatorFederateImpl.java">SceneCreatorFederateImpl.java</a> 
        as such that it uses the new setter method for the wrapper class.</li>
    </ol>
  </Section>
</Chapter>