<?xml version="1.0" encoding="UTF-8"?>
<Chapter>
  <Title>Test Case TC_308</Title>
  <Author>
    <Name>$Author: pasetti $</Name>
    <EMail>pasetti@pnp-software.com</EMail>
  </Author>
  <LastModified>$Date: 2006-05-17 09:39:41 +0200 (Wed, 17 May 2006) $</LastModified>
  <Introduction>This page describes one of the
    <a href="../userManuals.html#TestCases">test cases</a>
    of the EODiSP. The test case described in this page instantiates a nominal scenario 
    of the use case
  
    <a href="UC_308.html">UC_308</a>.
    <p>This test case is still TBD.</p>
  </Introduction>
  <Section Title="Overview">
    <table>
      <tr>
        <td><i>Identifier</i></td>
        <td>TC_308</td>
      </tr>
      <tr>
        <td><i>Name</i></td>
        <td>Generate Wrapper Code for Matlab Simulator</td>
      </tr>
      <tr>
        <td><i>Primary Actor</i></td>
        <td>
          <a href="http://www.pnp-software.com/earthcare_simulator/overview.html#SimulationFederateOwners">ETH_2 
          Model Owner</a>
        </td>
      </tr>
      <tr>
        <td><i>Description</i></td>
        <td>
          Describes the steps to create the code that wraps an existing Matlab simulation as 
          a federate that can be integrated into the EODiSP.
        </td>
      </tr>
      <tr>
        <td><i>Pre-Condition</i></td>
        <td>
          (1) The radar federate is available. (2) <a href="http://jmatlink.sourceforge.net/">JMatLink</a> 
          software is available. (3) Matlab is installed.
        </td>
      </tr>
      <tr>
        <td><i>Post-Condition</i></td>
        <td>(1) A federate is available that plots the output of the radar federate.</td>
      </tr>
    </table>
  </Section>
  <Section Title="Steps">
    <ol>
      <li>Actor creates a new SOM file (see use case <a href="TC_316.html">TC_316</a>).</li>
      <li>Actor runs the <a href="../developerManuals/HLAWrapperGenerator.html"> HLA Wrapper 
        Generator Application</a> to create the HLA wrapper skeleton (see test case <a href="TC_320.html">TC_320</a>).</li>
      <li>System generates the Java classes.</li>
      <li>Actor implements the connector code that connects the federate interface implementation 
        code with Matlab using the JMatLink tool.</li>
    </ol>
  </Section>
</Chapter>