<?xml version="1.0" encoding="UTF-8"?>
<Chapter>
  <Title>Test Case TC_316</Title>
  <Author>
    <Name>$Author: pasetti $</Name>
    <EMail>pasetti@pnp-software.com</EMail>
  </Author>
  <LastModified>$Date: 2006-05-17 09:39:41 +0200 (Wed, 17 May 2006) $</LastModified>
  <Introduction>This page describes one of the
    <a href="../userManuals.html#TestCases">test cases</a>
    of the EODiSP. The test case described in this page instantiates a nominal scenario 
    of the use case
  
    <a href="UC_316.html">UC_316</a>.
    <p>
      This test case uses the <a href="http://www.pnp-software.com/earthcare_simulator">EarthCARE 
      Simulator</a> as a test platform. The simulator is operated in its <a href="earthCAREConfiguration.html">default 
      configuration</a>.
    </p>
  </Introduction>
  <Section Title="Overview">
    <table>
      <tr>
        <td><i>Identifier</i></td>
        <td>TC_316</td>
      </tr>
      <tr>
        <td><i>Name</i></td>
        <td>Create a new SOM file</td>
      </tr>
      <tr>
        <td><i>Primary Actor</i></td>
         <td><a href="http://www.pnp-software.com/earthcare_simulator/overview.html#SimulationFederateOwners">ETH_2 Model Owner</a></td>
      </tr>
      <tr>
        <td><i>Description</i></td>
        <td>
          Describes the steps required to create a new SOM file for the <a href="http://www.pnp-software.com/earthcare_simulator">EarthCARE 
          Simulator</a>.
        </td>
      </tr>
      <tr>
        <td><i>Pre-Condition</i></td>
        <td>none.</td>
      </tr>
      <tr>
        <td><i>Post-Condition</i></td>
        <td>
          A SOM file that defines the desired object classes and their attributes and the ability 
          of the federate for publishing them or subscribing to them.
        </td>
      </tr>
    </table>
  </Section>
  <Section Title="Steps">
    <ol>
      <li>Actor opens an XML and XML Schema capable editor of his choice.</li>
      <li>Actor makes the XML Schema for EODiSP SOMs available to the editor. The <a href="../../download/HLA.xsd">XML 
        Schema</a> is available from the <a href="../../download.html#OtherResources">download</a> 
        section of this web page. </li>
      <li>Actor inspects the <a href="../../download/mom.fdd">Management 
        Object Model (MOM)</a> file provided in the <a href="../../download.html">download</a> 
        section. The MOM includes all possible data types that can be used for a SOM. <br/> </li>
      <li>Actor inspects the orbit_propagator SOM file defined for the EarthCARE Simulator which can be found on the 
      dedicated <a 
        href="http://www.pnp-software.com/earthcare_simulator">EarthCARE Simulator</a> page. 
        This SOM file is a good starting point and can be used as a template for other 
        SOMs.</li>
        <li>Actor defines his SOM.</li>
    </ol>
  </Section>
</Chapter>