<?xml version="1.0" encoding="UTF-8"?>
<Chapter>
  <Title>Test Case TC_320</Title>
  <Author>
    <Name>$Author: pasetti $</Name>
    <EMail>pasetti@pnp-software.com</EMail>
  </Author>
  <LastModified>$Date: 2006-05-17 09:39:41 +0200 (Wed, 17 May 2006) $</LastModified>
  <Introduction>This page describes one of the
    <a href="../userManuals.html#TestCases">test cases</a>
    of the EODiSP. 
    <p>
      This test case describes the steps required to generate an HLA wrapper skeleton 
      using the <a href="../developerManuals/HLAWrapperGenerator.html">
    HLA Wrapper Generator Application</a>. The wrapper skeleton is generated for the
    <code>Sim_Controller</code> 
      federate of the 
      <a href="http://www.pnp-software.com/earthcare_simulator">EarthCARE 
      Simulator</a>.
    </p>
  </Introduction>
  <Section Title="Overview">
    <table>
      <tr>
        <td><i>Identifier</i></td>
        <td>TC_320</td>
      </tr>
      <tr>
        <td><i>Name</i></td>
        <td>Generate an HLA Wrapper Skeleton</td>
      </tr>
      <tr>
        <td><i>Primary Actor</i></td>
         <td><a href="http://www.pnp-software.com/earthcare_simulator/overview.html#SimulationFederateOwners">ETH_2 Model Owner</a></td>
      </tr>
      <tr>
        <td><i>Description</i></td>
        <td>
          Describes the steps to generate the HLA wrapper skeleton for the 
          <code>sim_controller</code> federate of the 
          <a href="http://www.pnp-software.com/earthcare_simulator">EarthCARE 
          Simulator</a> using the <a href="../developerManuals/HLAWrapperGenerator.html">
          HLA Wrapper Generator Application</a>. 
        </td>
      </tr>
      <tr>
        <td><i>Pre-Condition</i></td>
        <td>
          (1) The SOM for the <code>Sim_Controller</code> federate is available. 
          (2) The <a href="../developerManuals/HLAWrapperGenerator.html">
          HLA Wrapper Generator Application</a> is installed.
        </td>
      </tr>
      <tr>
        <td><i>Post-Condition</i></td>
        <td>
          A set of Java files implementing the HLA wrapper skeletong for the
          <code>Sim_Controller</code> are available.
        </td>
      </tr>
    </table>
  </Section>
  <Section Title="Steps">
    <ol>
      <li>Actor checks that the SOM complies with the the <a href="../../download/HLA.xsd">XML 
        Schema</a> available from the <a href="../../download.html#OtherResources">download</a> 
        section of this web page.</li>
      <li>Actor runs the <a href="../developerManuals/HLAWrapperGenerator.html">
    HLA Wrapper Generator Application</a> application.</li>
    </ol>
  </Section>
</Chapter>