<?xml version="1.0" encoding="UTF-8"?>
<Chapter>
  <Title>Test Case TC_310</Title>
  <Author>
    <Name>$Author: pasetti $</Name>
    <EMail>pasetti@pnp-software.com</EMail>
  </Author>
  <LastModified>$Date: 2006-05-17 09:39:41 +0200 (Wed, 17 May 2006) $</LastModified>
  <Introduction>This page describes one of the
    <a href="../userManuals.html#TestCases">test cases</a>
    of the EODiSP. The test case described in this page instantiates a nominal scenario 
    of the use case
  
    <a href="UC_310.html">UC_310</a>.
    <p>
      This test case describes the steps required to generate an HLA wrapper for a simulation
      model implemented as a single Java class.
      The Java class is identical to the Java class implementing the orbit_propagator 
      in the <a href="http://www.pnp-software.com/earthcare_simulator">EarthCARE 
      Simulator</a> with one difference: the new simulation model has one extra input
      called <code>offset</code>.
    </p>
  </Introduction>
  <Section Title="Overview">
    <table>
      <tr>
        <td><i>Identifier</i></td>
        <td>TC_310</td>
      </tr>
      <tr>
        <td><i>Name</i></td>
        <td>Generate Wrapper Code for Source Code</td>
      </tr>
      <tr>
        <td><i>Primary Actor</i></td>
         <td><a href="http://www.pnp-software.com/earthcare_simulator/overview.html#SimulationFederateOwners">ETH_2 Model Owner</a></td>
      </tr>
      <tr>
        <td><i>Description</i></td>
        <td>
          Describes the steps required to change the existing orbit_propagator federate. The 
          change to be performed is to add an <i>offset</i> input parameter to the <i>orbit_propagator</i>.
        </td>
      </tr>
      <tr>
        <td><i>Pre-Condition</i></td>
        <td>
          (1) The SOM for the orbit_propagator must be available. (2) The Java template class 
          file for the orbit_propagator federate is available.
        </td>
      </tr>
      <tr>
        <td><i>Post-Condition</i></td>
        <td>
          An orbit_propagator federate with the additional <i>offset</i> input parameter added. 
          This federate could be integrated into the EarthCARE simulator.
        </td>
      </tr>
    </table>
  </Section>
  <Section Title="Steps">
    <ol>
      <li>Actor adds the <i>offset</i> attribute to the <a href="http://www.pnp-software.com/earthcare_simulator/download/OrbitPropagator.som">orbit_propagator 
        SOM file</a>.</li>
      <li>Actor runs the <a href="../developerManuals/HLAWrapperGenerator.html"> HLA Wrapper 
        Generator Application</a> to create the HLA wrapper skeleton (see test case <a href="TC_320.html">TC_320</a>).</li>
      <li>System generates the Java classes.</li>
      <li>Actor opens the <a href="http://www.pnp-software.com/earthcare_simulator/download/OrbitPropagatorFederateImpl.java">Orbit 
        Propagator wrapper template</a> file provided by the EODiSP. The template file is 
        a Java class with comments. These comments are self-explanatory and show the actor 
        where to insert custom code.</li>
    </ol>
  </Section>
</Chapter>