<?xml version="1.0" encoding="UTF-8"?>
<Chapter>
  <Title>Test Case TC_404</Title>
  <Author>
    <Name>$Author: pasetti $</Name>
    <EMail>pasetti@pnp-software.com</EMail>
  </Author>
  <LastModified>$Date: 2006-05-17 09:39:41 +0200 (Wed, 17 May 2006) $</LastModified>
  <Introduction>This page describes one of the
    <a href="../userManuals.html#TestCases">test cases</a>of the EODiSP.
    <p>
      This test case uses the <a href="http://www.pnp-software.com/earthcare_simulator">EarthCARE 
      Simulator</a> as a test platform. The simulator is operated in its <a href="earthCAREConfiguration.html">default 
      configuration</a> .
    </p>
  </Introduction>
  <Section Title="Overview">
    <table WIDTH="90%" BORDER="1" CELLPADDING="4" CELLSPACING="0">
      <tr>
        <td><i>Identifier</i></td>
        <td>TC_404</td>
      </tr>
      <tr>
        <td><i>Name</i></td>
        <td>Register Simulation Object Models (SOM) in the remote repository.</td>
      </tr>
      <tr>
        <td><i>Primary Actor</i></td>
        <td>
          <a href="earthCAREConfiguration.html#SimulationManagerApplication">PnP_1 Simulation Owner</a>
        </td>
      </tr>
      <tr>
        <td><i>Description</i></td>
        <td>
          Describes the steps required to register all Simulation Object Models for the EarthCARE 
          simulator in the <a href="earthCAREConfiguration.html#SimulationRepositories">remote 
          repository</a> .
        </td>
      </tr>
      <tr>
        <td><i>Pre-Condition</i></td>
        <td>
          Test case <a href="TC_402.html">TC_202</a> (Set-up repository manager application) 
          has been successfully completed.
        </td>
      </tr>
      <tr>
        <td><i>Post-Condition</i></td>
        <td>
          All Simulation Object Models (SOM) required to run the simulator are installed in the remote repository and can be used 
          by the model managers.
        </td>
      </tr>
    </table>
  </Section>
  <Section Title="Steps">
    <ol>
      <li>Actor starts the repository manager application by entering the following command 
        at the operating system prompt: <code>java -jar eodisp_rm.jar</code></li>
      <li>System shows the GUI of the repository manager application to the actor.</li>
      <li>Actor chooses to connect to the repository by either pressing the <i>connect icon</i> 
        or by selecting <i>Connect</i> from the Repository menu.</li>
      <li>System connects to the Repository and indicates an established connection by disabling 
        the <i>connect icon</i></li>
      <li>Actor chooses to download the data from the repository by clicking the <i>down arrow 
        icon</i> or by selecting <i>Reload Data</i> from the Repository menu.</li>
      <li>System downloads data from the repository.</li>
      <li>Actor switches to the <i>SOMs (Simulation Object Models)</i> tab.</li>
      <li>System shows a list of registered Simulation Object Models (SOM).</li>
      <li>If not already present, the actor adds all required SOMs. This is done by right-clicking 
        into the list area (anywhere in the list) and selecting <i>Add SOM</i> from the pop-up 
        menu.</li>
      <li>System shows the <i>Register SOM</i> dialog.</li>
      <li>Actor fills in all information and selects the <i>Save &amp; Exit</i> button</li>.
      <li>System adds the SOM to the repository.</li>
    </ol>
  </Section>
</Chapter>