<?xml version="1.0" encoding="UTF-8"?>
<Chapter>
  <Title>Test Case TC_402</Title>
  <Author>
    <Name>$Author: pasetti $</Name>
    <EMail>pasetti@pnp-software.com</EMail>
  </Author>
  <LastModified>$Date: 2006-05-17 09:39:41 +0200 (Wed, 17 May 2006) $</LastModified>
  <Introduction>This page describes one of the
    <a href="../userManuals.html#TestCases">test cases</a>of the EODiSP.
    <p>
      This test case uses the <a href="http://www.pnp-software.com/earthcare_simulator">EarthCARE 
      Simulator</a> as a test platform. The simulator is operated in its <a href="earthCAREConfiguration.html">default 
      configuration</a> .
    </p>
  </Introduction>
  <Section Title="Overview">
    <table WIDTH="90%" BORDER="1" CELLPADDING="4" CELLSPACING="0">
      <tr>
        <td><i>Identifier</i></td>
        <td>TC_402</td>
      </tr>
      <tr>
        <td><i>Name</i></td>
        <td>Set-up repository manager application.</td>
      </tr>
      <tr>
        <td><i>Primary Actor</i></td>
        <td>
          <a href="earthCAREConfiguration.html#SimulationManagerApplication">PnP_1 Simulation Owner</a>
        </td>
      </tr>
      <tr>
        <td><i>Description</i></td>
        <td>
          <p>
            Set-up the repository manager application for the <a href="earthCAREConfiguration.html#SimulationRepositories">remote 
            repository</a>.
          </p>
          <p>The same test case applies for the configuration with the local repository.</p>
        </td>
      </tr>
      <tr>
        <td><i>Pre-Condition</i></td>
        <td>The remote repository must be installed and running.</td>
      </tr>
      <tr>
        <td><i>Post-Condition</i></td>
        <td>
          (1) The repository manager application runs. (2) The EODiSP network infrastructure 
          is initialised. (3) The repository manager application is ready and can be used to 
          to interact with the remote repository.
        </td>
      </tr>
    </table>
  </Section>
  <Section Title="Steps">
    <ol>
      <li>Actor starts the repository manager application by entering the following command 
        at the operating system prompt: <code>java -jar eodisp_rm.jar</code></li>
      <li>System shows the GUI of the repository manager application to the actor.</li>
      <li>Actor opens the preferences dialog by choosing <i>Preferences...</i> from the Settings 
        menu.</li>
      <li>Actor fills in information in the <i>General</i> Tab of the preferences dialog. Required 
        is the <code>Repository URI</code>. The value to fill in is provided by the person 
        that started the repository.</li>
      <li>Actor chooses to save the values by pressing the <i>Save &amp; Exit</i> button.</li>
      <li>System automatically saves the configuration.</li>
      <li>Actor chooses to connect to the repository by either pressing the <i>connect icon</i> 
        or by selecting <i>Connect</i> from the Repository menu.</li>
      <li>System connects to the Repository and indicates an established connection by disabling 
        the <i>connect icon</i></li>
      <li>System automatically download all data from the repository.</li>
      <li>System automatically updates the user interface to represent the current data from 
        the repository.</li>
    </ol>
  </Section>
</Chapter>