<?xml version="1.0" encoding="UTF-8"?>
<Chapter>
  <Title>Use Case UC_100</Title>
  <Author>
    <Name>$Author: pasetti $</Name>
    <EMail>pasetti@pnp-software.com</EMail>
  </Author>
  <LastModified>$Date: 2006-05-17 09:39:41 +0200 (Wed, 17 May 2006) $</LastModified>
  <Introduction>
    <p>
      This page describes one of the use cases of the EODiSP. An overview of the use
      case concept as it is used in the EODiSP project and of all the use cases
      defined for the project is provided in a <a ref="../useAndTestCases.html">dedicated 
      page</a> which also describes the conventions that are used to define the
      use case.
    </p>
  </Introduction>
  <Section Title="Overview">
   <table WIDTH="90%" BORDER="1" CELLPADDING="4" CELLSPACING="0">
	<tr>
		<td><I>Identifier</I></td>
		<td>UC_100</td>
	</tr>
	<tr>
		<td><I>Name</I></td>
		<td>Simulation Manager Application Summary</td>
	</tr>
	<tr>
		<td><I>Primary Actor</I></td>
		<td>Simulation Owner</td>
	</tr>
	<tr>
		<td><I>Level</I></td>
		<td>Summary</td>
	</tr>
	<tr>
		<td><I>Description</I></td>
		<td>Describes how use cases belonging to the
			simulation manager application are linked together and the
			sequence in which they shall be used. The description is from the
			point of view of the actor.</td>
	</tr>
	<tr>
		<td><I>Pre-Condition</I></td>
		<td>None.</td>
	</tr>
	<tr>
		<td><I>Post-Condition</I></td>
		<td>None.</td>
	</tr>
</table>
   </Section>

  <Section Title="Main Success Scenario">
   <p>
   <ol>
	<li>Actor sets up the
	simulation manager application (see use case <a href="UC_102.html">UC_102</a>).</li>
	<li>Actor configures a
	simulation experiment (see use case <a href="UC_104.html">UC_104</a>).</li>
	<li>Actor runs a simulation
	experiment (see use case <a href="UC_106.html">UC_106</a>).</li>
   </ol>
   
   </p>
  </Section>

  <Section Title="Alternative Flows">
   <p>
   None.
   </p>
  </Section>

</Chapter>