<?xml version="1.0" encoding="UTF-8"?>
<Chapter>
  <Title>Use Case UC_108</Title>
  <Author>
    <Name>$Author: pasetti $</Name>
    <EMail>pasetti@pnp-software.com</EMail>
  </Author>
  <LastModified>$Date: 2006-05-17 09:39:41 +0200 (Wed, 17 May 2006) $</LastModified>
  <Introduction>
    <p>
      This page describes one of the use cases of the EODiSP. An overview of the use case 
      concept as it is used in the EODiSP project and of all the use cases defined for 
      the project is provided in a <a ref="../useAndTestCases.html">dedicated page</a> 
      which also describes the conventions that are used to define the use case.
    </p>
  </Introduction>
  <Section Title="Overview">
    <table WIDTH="90%" BORDER="1" CELLPADDING="4" CELLSPACING="0">
      <tr>
        <td><i>Identifier</i></td>
        <td>UC_108</td>
      </tr>
      <tr>
        <td><i>Name</i></td>
        <td>Load or Save Configuration</td>
      </tr>
      <tr>
        <td><i>Primary Actor</i></td>
        <td>Simulation owner</td>
      </tr>
      <tr>
        <td><i>Level</i></td>
        <td>Subfunction</td>
      </tr>
      <tr>
        <td><i>Description</i></td>
        <td>
          Loads an existing 'SimulationManagerProject' configuration file into the simulation 
          manager application. This can be used to load a configuration which has been done 
          in another simulation manager application. When loading such a configuration, there 
          is no guarantee that the simulation models are available for the simulation manager 
          application in which the configuration is loaded.
        </td>
      </tr>
      <tr>
        <td><i>Pre-Condition</i></td>
        <td>
          (1) The simulation manager application is stopped. (2) Use Case <a href="UC_102">UC_102</a> 
          (Set-up Simulation Manager Application) have been successfully completed for both 
          simulation manager applications. (3) Both simulation managers are configured to use 
          the same model repository.
        </td>
      </tr>
      <tr>
        <td><i>Post-Condition</i></td>
        <td>
          (1) The simulation manager uses the new configuration. (2) The configuration file 
          has been saved to a specific location.
        </td>
      </tr>
    </table>
  </Section>
  <Section Title="Main Success Scenario">
    <ol>
      <li>Actor copies the SimulationManagerProject file from the data directory of the source 
        simulation manager to the data directory of the target simulation manager by using 
        operating system tools.</li>
    </ol>
  </Section>
  <Section Title="Alternative Flows">
    <p>none.</p>
  </Section>
</Chapter>