<?xml version="1.0" encoding="UTF-8"?>
<Chapter>
  <Title>Use Case UC_102</Title>
  <Author>
    <Name>$Author: pasetti $</Name>
    <EMail>pasetti@pnp-software.com</EMail>
  </Author>
  <LastModified>$Date: 2006-05-17 09:39:41 +0200 (Wed, 17 May 2006) $</LastModified>
  <Introduction>
    <p>
      This page describes one of the use cases of the EODiSP. An overview of the use case 
      concept as it is used in the EODiSP project and of all the use cases defined for 
      the project is provided in a <a ref="../useAndTestCases.html">dedicated page</a> 
      which also describes the conventions that are used to define the use case.
    </p>
  </Introduction>
  <Section Title="Overview">
    <table WIDTH="90%" BORDER="1" CELLPADDING="4" CELLSPACING="0">
      <tr>
        <td><i>Identifier</i></td>
        <td>UC_102</td>
      </tr>
      <tr>
        <td><i>Name</i></td>
        <td>Set-up Simulation Manager Application</td>
      </tr>
      <tr>
        <td><i>Primary Actor</i></td>
        <td>Simulation Owner</td>
      </tr>
      <tr>
        <td><i>Level</i></td>
        <td>User Goal</td>
      </tr>
      <tr>
        <td><i>Description</i></td>
        <td>
          Describes the steps required to get a running, fully functional simulation manager 
          application. After this, simulation experiments can be configured and run.
        </td>
      </tr>
      <tr>
        <td><i>Pre-Condition</i></td>
        <td>The simulation manager application must be installed on the system.</td>
      </tr>
      <tr>
        <td><i>Post-Condition</i></td>
        <td>
          (1) The simulation manager application runs. (2) The EODiSP network infrastructure 
          is initialised. (3) The simulation manager application is ready to be configured.
        </td>
      </tr>
    </table>
  </Section>
  <Section Title="Main Success Scenario">
    <ol>
      <li>Actor starts the simulation manager application. How it can be started depends on 
        the platform and the chosen download option</li>
      <li>System shows the GUI of the simulation manager application to the actor.</li>
      <li>Actor opens the preferences dialog.</li>
      <li>System shows the preferences dialog</li>
      <li>Actor provides the configuration parameters needed for the simulation manager. Required 
        are the settings for the network and those for identification.</li>
      <li>Actor chooses to save the settings and leave the dialog.</li>
      <li>System saves the settings</li>
      <li>Actor chooses to initialise the EODiSP network.</li>
      <li>System initialises the network infrastructure with the parameters provided in the 
        settings.</li>
      <li>System displays to the actor whether the simulation manager application has already 
        been registered in the global simulation manager repository.</li>
      <li>Actor chooses to register, deregister, or update the simulation manager application 
        in the global simulation manager repository.</li>
    </ol>
  </Section>
  <Section Title="Alternative Flows">
    <UC_AltFlow mainFlow="11a" level="1">
      <alternative>
        Actor chooses not to register the simulation manager application in the global simulation 
        manager repository.
      </alternative>
      <step>System is running and fully functional.</step>
    </UC_AltFlow>
    <UC_AltFlow mainFlow="11b" level="1">
      <alternative>No network connection to the repository available.</alternative>
      <step>System displays error and aborts operation.</step>
    </UC_AltFlow>
    <UC_AltFlow mainFlow="11c" level="1">
      <alternative>Actor chooses to register simulation manager application.</alternative>
      <step>System connects to the EODiSP simulation manager repository.</step>
      <UC_AltFlow mainFlow="1a" level="2">
        <alternative>Simulation manager application is already registered in the global repository.</alternative>
        <step>System displays information.</step>
        <step>System aborts operation.</step>
      </UC_AltFlow>
      <step>
        System transfers information about the simulation manager application to the repository 
        to uniquely identify it.
      </step>
      <step>System connects to the EODiSP simulation manager repository.</step>
    </UC_AltFlow>
    <UC_AltFlow mainFlow="11d" level="1">
      <alternative>Actor chooses to deregister simulation manager application.</alternative>
      <step>System connects to the EODiSP simulation manager repository.</step>
      <UC_AltFlow mainFlow="1a" level="2">
        <alternative>Simulation manager application is not registered in the global repository.</alternative>
        <step>System displays information.</step>
        <step>System aborts operation.</step>
      </UC_AltFlow>
      <step>
        System instructs global repository to deregister the simulation manager application.
      </step>
    </UC_AltFlow>
    <UC_AltFlow mainFlow="11d" level="1">
      <alternative>Actor chooses to Update simulation manager application.</alternative>
      <step>System connects to the EODiSP simulation manager repository.</step>
      <UC_AltFlow mainFlow="1a" level="2">
        <alternative>Simulation manager application is not registered in the global repository.</alternative>
        <step>
          System instructs global repository to register the simulation manager application.
        </step>
      </UC_AltFlow>
      <step>
        System instructs global repository to update registration for the simulation manager 
        application.
      </step>
    </UC_AltFlow>
  </Section>
</Chapter>