<?xml version="1.0" encoding="UTF-8"?>
<Chapter>
  <Title>Use Case UC_104</Title>
  <Author>
    <Name>$Author: pasetti $</Name>
    <EMail>pasetti@pnp-software.com</EMail>
  </Author>
  <LastModified>$Date: 2006-05-17 09:39:41 +0200 (Wed, 17 May 2006) $</LastModified>
  <Introduction>
    <p>
      This page describes one of the use cases of the EODiSP. An overview of the use case 
      concept as it is used in the EODiSP project and of all the use cases defined for 
      the project is provided in a <a ref="../useAndTestCases.html">dedicated page</a> 
      which also describes the conventions that are used to define the use case.
    </p>
  </Introduction>
  <Section Title="Overview">
    <table WIDTH="90%" BORDER="1" CELLPADDING="4" CELLSPACING="0">
      <tr>
        <td><i>Identifier</i></td>
        <td>UC_104</td>
      </tr>
      <tr>
        <td><i>Name</i></td>
        <td>Configure Simulation Experiment</td>
      </tr>
      <tr>
        <td><i>Primary Actor</i></td>
        <td>Simulation owner</td>
      </tr>
      <tr>
        <td><i>Level</i></td>
        <td>User Goal</td>
      </tr>
      <tr>
        <td><i>Description</i></td>
        <td>
          Describes the configuration which has to be made prior to starting a simulation experiment.
        </td>
      </tr>
      <tr>
        <td><i>Pre-Condition</i></td>
        <td>
          Use case <a href="UC_102.html">UC_102</a> (Set-up simulation manager application) 
          has been successfully completed.
        </td>
      </tr>
      <tr>
        <td><i>Post-Condition</i></td>
        <td>A simulation experiment is configured and ready to be run.</td>
      </tr>
    </table>
  </Section>
  <Section Title="Main Success Scenario">
    <ol>
      <li>Actor chooses to add a new experiment</li>
      <li>System add a new experiment and displays it with a default name.</li>
      <li>Actor chooses to add a federation execution to the experiment.</li>
      <li>System add a new federation execution to the experiment and displays it to the user.</li>
      <li>Actor chooses to find available federates.</li>
      <li>System presents all federates which are currently available in the EODiSP network.</li>
      <li>Actor integrates as many federates as he wishes (i.e. as needed for a specific federation 
        execution) from the list of available simulation models into an already existing 
        federation execution.</li>
      <li>System retrieves information about federates which are to be integrated</li>
      <li>System displays an updated list of federates included in the federation.</li>
      <li>System locally copies information about a federate into the simulation experiment</li>
      <li>Actor may add as many federations as he wishes to the experiment.</li>
      <li>System displays an updated list of federation executions included in a simulation 
        experiment.</li>
    </ol>
  </Section>
  <Section Title="Alternative Flows">
    <UC_AltFlows>
      <UC_AltFlow mainFlow="a*" level="1">
        <alternative>At any time, system detects an internal, unrecoverable error.</alternative>
        <step>System tries to save unsaved data.</step>
        <step>System signals error.</step>
        <step>System exits.</step>
        <step>Actor restarts the simulation manager application.</step>
      </UC_AltFlow>
      <UC_AltFlow mainFlow="b*" level="1">
        <alternative>At any time, actor chooses to update the list of available federates.</alternative>
        <step>System presents an updated list of available federates.</step>
      </UC_AltFlow>
      <UC_AltFlow mainFlow="c*" level="1">
        <alternative>
          At any time, actor chooses to save the current state of the application (including 
          all experiments) to the file system.
        </alternative>
        <step>System saves the data.</step>
      </UC_AltFlow>
      <UC_AltFlow mainFlow="1a" level="1">
        <alternative>Actor chooses to load an already existing 'SimulationManagerProject' file.</alternative>
        <step>See
          <a href="UC_108.html">UC_108</a>.
        </step>
        <step>Go to step 12.</step>
      </UC_AltFlow>
    </UC_AltFlows>
  </Section>
</Chapter>