<?xml version="1.0" encoding="UTF-8"?>
<Chapter>
  <Title>Use Case UC_112</Title>
  <Author>
    <Name>$Author: pasetti $</Name>
    <EMail>pasetti@pnp-software.com</EMail>
  </Author>
  <LastModified>$Date: 2006-05-17 09:39:41 +0200 (Wed, 17 May 2006) $</LastModified>
  <Introduction>
    <p>
      This page describes one of the use cases of the EODiSP. An overview of the use case 
      concept as it is used in the EODiSP project and of all the use cases defined for 
      the project is provided in a <a ref="../useAndTestCases.html">dedicated page</a> 
      which also describes the conventions that are used to define the use case.
    </p>
  </Introduction>
  <Section Title="Overview">
    <table WIDTH="90%" BORDER="1" CELLPADDING="4" CELLSPACING="0">
      <tr>
        <td><i>Identifier</i></td>
        <td>UC_112</td>
      </tr>
      <tr>
        <td><i>Name</i></td>
        <td>Configure Simulation Manager Application Log</td>
      </tr>
      <tr>
        <td><i>Primary Actor</i></td>
        <td>Simulation owner</td>
      </tr>
      <tr>
        <td><i>Level</i></td>
        <td>Subfunction</td>
      </tr>
      <tr>
        <td><i>Description</i></td>
        <td>The actor defines which messages shall be logged in the application.</td>
      </tr>
      <tr>
        <td><i>Pre-Condition</i></td>
        <td>
          (1) Use case <a href="UC_102.html">UC_102</a> (Set-up simulation manager application) 
          has been successfully completed. (2) The simulation manager is stopped.
        </td>
      </tr>
      <tr>
        <td><i>Post-Condition</i></td>
        <td>Log settings are adjusted.</td>
      </tr>
    </table>
  </Section>
  <Section Title="Main Success Scenario">
    <ol>
      <li>Actor changes the log by customizing the logging facility provided by the EODiSP 
        framework.</li>
      <li>Actor uses a text editor to change the settings of the file that describes the behavior 
        of the logging facility.</li>
    </ol>
  </Section>
  <Section Title="Alternative Flows">
    <p>None.</p>
  </Section>
</Chapter>