<?xml version="1.0" encoding="UTF-8"?>
<Chapter>
  <Title>Use Case UC_110</Title>
  <Author>
    <Name>$Author: pasetti $</Name>
    <EMail>pasetti@pnp-software.com</EMail>
  </Author>
  <LastModified>$Date: 2006-05-17 09:39:41 +0200 (Wed, 17 May 2006) $</LastModified>
  <Introduction>
    <p>
      This page describes one of the use cases of the EODiSP. An overview of the use case 
      concept as it is used in the EODiSP project and of all the use cases defined for 
      the project is provided in a <a ref="../useAndTestCases.html">dedicated page</a> 
      which also describes the conventions that are used to define the use case.
    </p>
  </Introduction>
  <Section Title="Overview">
    <table WIDTH="90%" BORDER="1" CELLPADDING="4" CELLSPACING="0">
      <tr>
        <td><i>Identifier</i></td>
        <td>UC_110</td>
      </tr>
      <tr>
        <td><i>Name</i></td>
        <td>Experiment Abort</td>
      </tr>
      <tr>
        <td><i>Primary Actor</i></td>
        <td>Simulation owner</td>
      </tr>
      <tr>
        <td><i>Level</i></td>
        <td>Subfunction</td>
      </tr>
      <tr>
        <td><i>Description</i></td>
        <td>
          Aborts a running simulation experiment before it is finished. There is no recovery, 
          once a simulation experiment has been aborted. All simulation data which are not 
          stored are lost.
        </td>
      </tr>
      <tr>
        <td><i>Pre-Condition</i></td>
        <td>
          A simulation experiment which is controlled by this simulation manager application 
          is currently running (see Use Case <a href="UC_102">UC_102</a> Run Experiment).
        </td>
      </tr>
      <tr>
        <td><i>Post-Condition</i></td>
        <td>
          Simulation manager is in a clean state and ready to start a new simulation experiment.
        </td>
      </tr>
    </table>
  </Section>
  <Section Title="Main Success Scenario">
    <ol>
      <li>Actor chooses to abort the running simulation experiment.</li>
      <li>System sends a message to all participating model manager applications asking them 
        to deregister all federates from the simulation experiment, to stop them, and to 
        enter a clean state.</li>
      <li>System waits until all federates have resigned from the federation and are in a stopped 
        state.</li>
      <li>System reinitialises itself and enters a clean state.</li>
    </ol>
  </Section>
  <Section Title="Alternative Flows">
    <UC_AltFlows>
      <UC_AltFlow mainFlow="3a" level="1">
        <alternative>System detects an error when sending a request to abort a federate.</alternative>
        <step>System signals error.</step>
        <step>Actor acknowledges the error.</step>
        <step>Actor hard-resets a the experiment.</step>
        <step>System reinitializes itself and enters a clean state.</step>
      </UC_AltFlow>
    </UC_AltFlows>
  </Section>
</Chapter>