<?xml version="1.0" encoding="UTF-8"?>
<Chapter>
  <Title>Use Case UC_106</Title>
  <Author>
    <Name>$Author: pasetti $</Name>
    <EMail>pasetti@pnp-software.com</EMail>
  </Author>
  <LastModified>$Date: 2006-05-17 09:39:41 +0200 (Wed, 17 May 2006) $</LastModified>
  <Introduction>
    <p>
      This page describes one of the use cases of the EODiSP. An overview of the use case 
      concept as it is used in the EODiSP project and of all the use cases defined for 
      the project is provided in a <a ref="../useAndTestCases.html">dedicated page</a> 
      which also describes the conventions that are used to define the use case.
    </p>
  </Introduction>
  <Section Title="Overview">
    <table WIDTH="90%" BORDER="1" CELLPADDING="4" CELLSPACING="0">
      <tr>
        <td><i>Identifier</i></td>
        <td>UC_106</td>
      </tr>
      <tr>
        <td><i>Name</i></td>
        <td>Run Experiment</td>
      </tr>
      <tr>
        <td><i>Primary Actor</i></td>
        <td>Simulation owner</td>
      </tr>
      <tr>
        <td><i>Level</i></td>
        <td>User Goal</td>
      </tr>
      <tr>
        <td><i>Description</i></td>
        <td>
          Starts a simulation experiment which has been configured. The configuration of a 
          simulation experiment is explained in use case <a href="UC_104.html">UC_104</a>.
        </td>
      </tr>
      <tr>
        <td><i>Pre-Condition</i></td>
        <td>
          (1) Use case <a href="UC_104.html">UC_104</a> (<i>configure simulation experiment</i>) 
          has been successfully completed for the simulation experiment which is selected to 
          run. (2) All participating models in the simulation experiment are available in the 
          EODiSP network. (3) If no network connection is configured, all federates must be 
          available locally.
        </td>
      </tr>
      <tr>
        <td><i>Post-Condition</i></td>
        <td>The simulation experiment has been completed successfully.</td>
      </tr>
    </table>
  </Section>
  <Section Title="Main Success Scenario">
    <ol>
      <li>Actor selects the simulation experiments which he wants to run from a list of available 
        experiments.</li>
      <li>System displays the selected experiment, including all information.</li>
      <li>Actor checks the availability of the participating federates.</li>
      <li>Actor starts the simulation experiment.</li>
      <li>System initialises simulation experiment.</li>
      <li>System runs simulation experiment.</li>
      <li>System detects that the simulation experiments has finished executing.</li>
      <li>System signals end of simulation experiment to the actor.</li>
    </ol>
  </Section>
  <Section Title="Alternative Flows">
    <UC_AltFlows>
      <UC_AltFlow mainFlow="3a" level="1">
        <alternative>Not all participating federates are currently available in the EODiSP network.</alternative>
        <step>System displays an error.</step>
        <step>
          Actor checks the availability of federates periodically until all federates are available 
          in the EODiSP network.
        </step>
      </UC_AltFlow>
      <UC_AltFlow mainFlow="5-6a" level="1">
        <alternative>System detects an internal error during execution of a simulation experiment.</alternative>
        <step>System signals error.</step>
        <UC_AltFlow mainFlow="2a" level="2">
          <alternative>System cannot recover error.</alternative>
          <step>Actor aborts the executing simulation experiment (see use case
            <a href="UC_110.html">UC_110</a>).
          </step>
          <step>Actor starts the simulation experiment again.</step>
        </UC_AltFlow>
      </UC_AltFlow>
      <UC_AltFlow mainFlow="5-6b" level="1">
        <alternative>Actor chooses to abort the currently running simulation experiment.</alternative>
        <step>See
          <a href="UC_110.html">UC_110</a>.
        </step>
      </UC_AltFlow>
      <UC_AltFlow mainFlow="5-6c" level="1">
        <alternative>
          At any time in continuous operation mode, actor switches to step-by-step operation 
          mode.
        </alternative>
        <step>
          System sends information to the federation to switch to step-by-step operation mode.
        </step>
        <step>
          The participating federates decide on the behaviour in step-by-step mode and operate 
          accordingly.
        </step>
        <step>Actor may steps forward for one step.</step>
        <step>System sends information to the federation to switch to advance one step.</step>
        <step>The participating federates decide on the behaviour for a next step call.</step>
      </UC_AltFlow>
      <UC_AltFlow mainFlow="5-6d" level="1">
        <alternative>
          At any time in step-by-step operation mode, actor switches to continuous operation 
          mode.
        </alternative>
        <step>
          System sends information to the federation to switch to step-by-step operation mode.
        </step>
        <step>
          The participating federates decide on the behaviour when switching back to continuous 
          mode.
        </step>
      </UC_AltFlow>
      <UC_AltFlow mainFlow="5-6e" level="1">
        <alternative>System detects a network error.</alternative>
        <UC_AltFlow mainFlow="1a" level="2">
          <alternative>Network error occurred in the simulation manager application.</alternative>
          <UC_AltFlow mainFlow="1a" level="3">
            <alternative>
              The simulation manager can reconnect to the EODiSP network after a certain amount 
              of time.
            </alternative>
          </UC_AltFlow>
          <UC_AltFlow mainFlow="1b" level="3">
            <alternative>The simulation manager cannot reconnect to the EODiSP network.</alternative>
            <step>System signals error.</step>
            <step>Actor cancels the experiment (see
              <a href="UC_110">UC_110</a>).
            </step>
            <step>
              System is ready to execute another simulation experiment after the network problem 
              has been fixed.
            </step>
          </UC_AltFlow>
        </UC_AltFlow>
        <UC_AltFlow mainFlow="1b" level="2">
          <alternative>Network error occurred in one of the participating simulation models.</alternative>
          <step>System signals error.</step>
          <step>Actor cancels the experiment (see
            <a href="UC_110">UC_110</a>).
          </step>
          <step>System is ready to execute another simulation experiment.</step>
        </UC_AltFlow>
      </UC_AltFlow>
    </UC_AltFlows>
  </Section>
</Chapter>