<?xml version="1.0" encoding="UTF-8"?>
<Chapter>
  <Title>Use Case UC_204</Title>
  <Author>
    <Name>$Author: pasetti $</Name>
    <EMail>pasetti@pnp-software.com</EMail>
  </Author>
  <LastModified>$Date: 2006-05-17 09:39:41 +0200 (Wed, 17 May 2006) $</LastModified>
  <Introduction>
    <p>
      This page describes one of the use cases of the EODiSP. An overview of the use case 
      concept as it is used in the EODiSP project and of all the use cases defined for 
      the project is provided in a <a ref="../useAndTestCases.html">dedicated page</a> 
      which also describes the conventions that are used to define the use case.
    </p>
  </Introduction>
  <Section Title="Overview">
    <table WIDTH="90%" BORDER="1" CELLPADDING="4" CELLSPACING="0">
      <tr>
        <td><i>Identifier</i></td>
        <td>UC_204</td>
      </tr>
      <tr>
        <td><i>Name</i></td>
        <td>Manage Federates in the Model Manager Application</td>
      </tr>
      <tr>
        <td><i>Primary Actor</i></td>
        <td>Model Owner</td>
      </tr>
      <tr>
        <td><i>Level</i></td>
        <td>User Goal</td>
      </tr>
      <tr>
        <td><i>Description</i></td>
        <td>
          This use case describes the interactions required to configure the model manager 
          and put in a state where it is ready to integrate additional federates and to make 
          them available to certain simulation manager applications.
        </td>
      </tr>
      <tr>
        <td><i>Pre-Condition</i></td>
        <td>
          Use case <a href="UC_202.html">UC_202</a> (Set-up model manager application) has 
          been successfully completed.
        </td>
      </tr>
      <tr>
        <td><i>Post-Condition</i></td>
        <td>
          Some (or all) federates included in the model manager application are ready to be 
          integrated into a simulation experiment.
        </td>
      </tr>
    </table>
  </Section>
  <Section Title="Main Success Scenario">
    <ol>
      <li>Actor stops the model manager application if it is running.</li>
      <li>Actor copies a federate to the appropriate location in the model manager using operating 
        system tools.</li>
      <li>Actor starts the model manager application.</li>
      <li>System automatically locates all federates that are in the appropriate location.</li>
      <li>System displays all federates from this location in a list.</li>
      <li>Actor chooses to register or de-register a federates in the model repository. The 
        actor might repeat this step as often as necessary.</li>
      <li>System registers or de-registers the federate in the model repository.</li>
      <li>Actor chooses to save the current configuration.</li>
      <li>System saves the configuration to the model repository.</li>
      <li>Actor chooses to manage permissions for each of the registered federates.</li>
      <li>System displays a dialog that allows the actor to choose the simulation managers 
        that have access to each federate. The list shows all simulation manager applications 
        that are registered in the model repository to which the model manager application 
        is currently connected to.</li>
      <li>Actor chooses to save the current configuration.</li>
      <li>System saves the configuration to the model repository.</li>
    </ol>
  </Section>
  <Section Title="Alternative Flows">
    <UC_AltFlows>
      <UC_AltFlow mainFlow="7a" level="1">
        <alternative>No network connection to the repository available.</alternative>
        <step>System displays error.</step>
        <step>System aborts operation.</step>
      </UC_AltFlow>
      <UC_AltFlow mainFlow="7b" level="1">
        <alternative>Actor chooses to register federate.</alternative>
        <step>System connects to the EODiSP federate repository.</step>
        <step>
          System transfers information about the federate to the repository to uniquely identify 
          it.
        </step>
      </UC_AltFlow>
      <UC_AltFlow mainFlow="7b" level="1">
        <alternative>Actor chooses to deregister federate.</alternative>
        <step>System connects to the EODiSP federate repository.</step>
        <step>System instructs global repository to deregister federate.</step>
      </UC_AltFlow>
      <UC_AltFlow mainFlow="11a" level="1">
        <alternative>No simulation manager application is registered in the EODiSP network.</alternative>
        <step>
          The actor waits until at least one simulation manager application has been registered 
          in the EODiSP network.
        </step>
      </UC_AltFlow>
    </UC_AltFlows>
  </Section>
</Chapter>