<?xml version="1.0" encoding="UTF-8"?>
<Chapter>
  <Title>Use Case UC_202</Title>
  <Author>
    <Name>$Author: pasetti $</Name>
    <EMail>pasetti@pnp-software.com</EMail>
  </Author>
  <LastModified>$Date: 2006-05-17 09:39:41 +0200 (Wed, 17 May 2006) $</LastModified>
  <Introduction>
    <p>
      This page describes one of the use cases of the EODiSP. An overview of the use case 
      concept as it is used in the EODiSP project and of all the use cases defined for 
      the project is provided in a <a ref="../useAndTestCases.html">dedicated page</a> 
      which also describes the conventions that are used to define the use case.
    </p>
  </Introduction>
  <Section Title="Overview">
    <table>
      <tr>
        <td><i>Identifier</i></td>
        <td>UC_202</td>
      </tr>
      <tr>
        <td><i>Name</i></td>
        <td>Set-up Model Manager Application</td>
      </tr>
      <tr>
        <td><i>Primary Actor</i></td>
        <td>Model owner</td>
      </tr>
      <tr>
        <td><i>Level</i></td>
        <td>User Goal</td>
      </tr>
      <tr>
        <td><i>Description</i></td>
        <td>
          Describes the steps in order to get a running, fully functional model manager application.
        </td>
      </tr>
      <tr>
        <td><i>Pre-Condition</i></td>
        <td>The model manager application must be installed on the system.</td>
      </tr>
      <tr>
        <td><i>Post-Condition</i></td>
        <td>
          (1) The model manager application runs. (2) The EODiSP network infrastructure is 
          initialised.
        </td>
      </tr>
    </table>
  </Section>
  <Section Title="Main Success Scenario">
    <ol>
      <li>System shows the GUI of the model manager application to the actor.</li>
      <li>Actor opens the preferences dialog.</li>
      <li>System shows the preferences dialog</li>
      <li>Actor provides the configuration parameters needed for the model manager. Required 
        are the settings for the network and those for identification.</li>
      <li>Actor chooses to save the settings and leave the dialog.</li>
      <li>System saves the settings</li>
      <li>Actor chooses to initialise the EODiSP network.</li>
      <li>System initialises the network infrastructure with the parameters provided in the 
        settings.</li>
      <li>System displays to the actor whether the model manager application has already been 
        registered in the global simulation manager repository.</li>
      <li>Actor chooses to register, deregister, or update the simulation manager application 
        in the global simulation manager repository.</li>
      <li>System makes already configured federates available to the EODiSP network.</li>
    </ol>
  </Section>
  <Section Title="Alternative Flows">
    <UC_AltFlows>
      <UC_AltFlow mainFlow="a*" level="1">
        <alternative>At any time, system detects an internal, unrecoverable error.</alternative>
        <step>System signals error.</step>
        <step>System exits.</step>
        <step>Actor restarts the model manager application.</step>
      </UC_AltFlow>
      <UC_AltFlow mainFlow="6*" level="1">
        <alternative>System detects that it cannot save the file.</alternative>
        <step>System signals error.</step>
        <step>Actor tries to save again or ignores the operation.</step>
      </UC_AltFlow>
      <UC_AltFlow mainFlow="8*" level="1">
        <alternative>
          At any time during this step, system detects a network error during initialisation.
        </alternative>
        <step>System signals error.</step>
        <step>Actor tries to resolve the network error.</step>
        <step>Actor chooses to initialise the network again.</step>
      </UC_AltFlow>
    </UC_AltFlows>
  </Section>
</Chapter>