<?xml version="1.0" encoding="UTF-8"?>
<Chapter>
  <Title>Use Case UC_302</Title>
  <Author>
    <Name>$Author: pasetti $</Name>
    <EMail>pasetti@pnp-software.com</EMail>
  </Author>
  <LastModified>$Date: 2006-05-17 09:39:41 +0200 (Wed, 17 May 2006) $</LastModified>
  <Introduction>
    <p>
      This page describes one of the use cases of the EODiSP. An overview of the use case 
      concept as it is used in the EODiSP project and of all the use cases defined for 
      the project is provided in a <a ref="../useAndTestCases.html">dedicated page</a> 
      which also describes the conventions that are used to define the use case.
    </p>
  </Introduction>
  <Section Title="Overview">
    <table>
      <tr>
        <td><i>Identifier</i></td>
        <td>UC_302</td>
      </tr>
      <tr>
        <td><i>Name</i></td>
        <td>Generate Wrapper Code for each Worksheet of an Excel Workbook</td>
      </tr>
      <tr>
        <td><i>Primary Actor</i></td>
        <td>Model Owner</td>
      </tr>
      <tr>
        <td><i>Level</i></td>
        <td>User Goal</td>
      </tr>
      <tr>
        <td><i>Description</i></td>
        <td>
          Describes the steps to generate the code that wraps each Worksheet of an existing 
          Excel Workbook as a Java class.
        </td>
      </tr>
      <tr>
        <td><i>Pre-Condition</i></td>
        <td>
          (1) An Excel Workbook is available. (2) Microsoft Excel is installed on the model 
          owner's computer.
        </td>
      </tr>
      <tr>
        <td><i>Post-Condition</i></td>
        <td>A Java wrapper class for each Worksheet of the Excel workbook is created.</td>
      </tr>
    </table>
  </Section>
  <Section Title="Main Success Scenario">
    <ol>
      <li>Actor takes the Excel Workbook and feeds it to the Java wrapper generator.</li>
      <li>System generates a Java class for each Worksheet of an Excel Workbook</li>
    </ol>
  </Section>
  <Section Title="Alternative Flows">
    <p>none.</p>
  </Section>
</Chapter>