<?xml version="1.0" encoding="UTF-8"?>
<Chapter>
  <Title>Use Case UC_308</Title>
  <Author>
    <Name>$Author: pasetti $</Name>
    <EMail>pasetti@pnp-software.com</EMail>
  </Author>
  <LastModified>$Date: 2006-05-17 09:39:41 +0200 (Wed, 17 May 2006) $</LastModified>
  <Introduction>
    <p>
      This page describes one of the use cases of the EODiSP. An overview of the use case 
      concept as it is used in the EODiSP project and of all the use cases defined for 
      the project is provided in a <a ref="../useAndTestCases.html">dedicated page</a> 
      which also describes the conventions that are used to define the use case.
    </p>
  </Introduction>
  <Section Title="Overview">
    <table>
      <tr>
        <td><i>Identifier</i></td>
        <td>UC_308</td>
      </tr>
      <tr>
        <td><i>Name</i></td>
        <td>Generate Wrapper Code for Matlab Simulation</td>
      </tr>
      <tr>
        <td><i>Primary Actor</i></td>
        <td>Model Owner</td>
      </tr>
      <tr>
        <td><i>Level</i></td>
        <td>User Goal</td>
      </tr>
      <tr>
        <td><i>Description</i></td>
        <td>
          Describes the steps to create the code that wraps an existing Matlab simulation as 
          a federate that can be integrated into the EODiSP.
        </td>
      </tr>
      <tr>
        <td><i>Pre-Condition</i></td>
        <td>
          (1) <a href="http://jmatlink.sourceforge.net/">JMatLink</a> software is available. 
          (2) Matlab is installed.
        </td>
      </tr>
      <tr>
        <td><i>Post-Condition</i></td>
        <td>
          (1) The code that implements the federate wrapper for the Matlab simulation is available.
        </td>
      </tr>
    </table>
  </Section>
  <Section Title="Main Success Scenario">
    <ol>
      <li>Actor creates a new SOM file (see use case <a href="UC_316.html">UC_316</a>).</li>
      <li>Actor chooses to generate the federate interface implementation code from the SOM.</li>
      <li>System generates the federate interface implementation code.</li>
      <li>Actor implements the connector code that connects the federate interface implementation 
        code with the Matlab simulation using the JMatLink tool.</li>
    </ol>
  </Section>
  <Section Title="Alternative Flows">
    <p>none.</p>
  </Section>
</Chapter>