<?xml version="1.0" encoding="UTF-8"?>
<Chapter>
  <Title>Use Case UC_316</Title>
  <Author>
    <Name>$Author: pasetti $</Name>
    <EMail>pasetti@pnp-software.com</EMail>
  </Author>
  <LastModified>$Date: 2006-05-17 09:39:41 +0200 (Wed, 17 May 2006) $</LastModified>
  <Introduction>
    <p>
      This page describes one of the use cases of the EODiSP. An overview of the use case 
      concept as it is used in the EODiSP project and of all the use cases defined for 
      the project is provided in a <a ref="../useAndTestCases.html">dedicated page</a> 
      which also describes the conventions that are used to define the use case.
    </p>
  </Introduction>
  <Section Title="Overview">
    <table>
      <tr>
        <td><i>Identifier</i></td>
        <td>UC_316</td>
      </tr>
      <tr>
        <td><i>Name</i></td>
        <td>Create a New SOM File</td>
      </tr>
      <tr>
        <td><i>Primary Actor</i></td>
        <td>Model owner</td>
      </tr>
      <tr>
        <td><i>Level</i></td>
        <td>Subfunction</td>
      </tr>
      <tr>
        <td><i>Description</i></td>
        <td>Describes the steps to create a new SOM file.</td>
      </tr>
      <tr>
        <td><i>Pre-Condition</i></td>
        <td>none.</td>
      </tr>
      <tr>
        <td><i>Post-Condition</i></td>
        <td>
          A SOM file that defines the desired object classes and their attributes and the ability 
          of the federate for publishing them or subscribing to them.
        </td>
      </tr>
    </table>
  </Section>
  <Section Title="Main Success Scenario">
    <ol>
      <li>Actor opens a XML and XML Schema capable editor of his choice.</li>
      <li>Actor makes the XML Schema available to the editor. The <a href="../../download/HLA.xsd">XML 
        Schema</a> is available from the <a href="../../download.html">download</a> section 
        of this web page. This XML Schema has been created for the EODiSP project. It specifies 
        the required format of a SOM.</li>
      <li>Actor creates a SOM according to the needs of the simulation.</li>
    </ol>
  </Section>
  <Section Title="Alternative Flows">
    <UC_AltFlows>
      <UC_AltFlow mainFlow="5a" level="1">
        <alternative>SOM file does not validates against its XML Schema.</alternative>
        <step>System signals error.</step>
        <step>
          Actor corrects the SOM file and chooses to regenerate the federate interface implementation.
        </step>
      </UC_AltFlow>
    </UC_AltFlows>
  </Section>
</Chapter>