<?xml version="1.0" encoding="UTF-8"?>
<Chapter>
  <Title>Use Case UC_312</Title>
  <Author>
    <Name>$Author: pasetti $</Name>
    <EMail>pasetti@pnp-software.com</EMail>
  </Author>
  <LastModified>$Date: 2006-05-17 09:39:41 +0200 (Wed, 17 May 2006) $</LastModified>
  <Introduction>
    <p>
      This page describes one of the use cases of the EODiSP. An overview of the use
      case concept as it is used in the EODiSP project and of all the use cases
      defined for the project is provided in a <a ref="../useAndTestCases.html">dedicated 
      page</a> which also describes the conventions that are used to define the
      use case.
    </p>
  </Introduction>
  <Section Title="Overview">
   <table>
	<tr>
		<td><I>Identifier</I></td>
		<td>UC_312</td>
	</tr>
	<tr>
		<td><I>Name</I></td>
		<td>Generate Wrapper Code for a Standalone Executable</td>
	</tr>
	<tr>
		<td><I>Primary Actor</I></td>
		<td>Model owner</td>
	</tr>
	<tr>
		<td><I>Level</I></td>
		<td>User Goal</td>
	</tr>
	<tr>
		<td><I>Description</I></td>
		<td>Describes the steps to create the code that wraps an existing executable 
		with a defined in- and/or output as a federate that can be integrated into the EODiSP. </td>
	</tr>
	<tr>
		<td><I>Pre-Condition</I></td>
		<td>(1) The input and output of a standalone executable is known.
			(2) The support application is running. (TBC)</td>
	</tr>
	<tr>
		<td><I>Post-Condition</I></td>
		<td>(1) The code that implements the federate wrapper for the standalone executable
		is available.</td>
	</tr>
</table>
   </Section>

  <Section Title="Main Success Scenario">
   <p>
   <ol>
	<li>Actor creates a new SOM file (see use case <a href="UC_316.html">UC_316</a>).</li>
	<li>Actor chooses to generate the federate interface implementation code from the SOM.</li>
	<li>System generates the federate interface implementation code.</li>
	<li>Actor implements the connector code that connects the federate interface implementation 
	code with the standalone executable.</li>
   </ol>  
   </p>
  </Section>

  <Section Title="Alternative Flows">
  <p>none.</p>
  </Section>

</Chapter>