<?xml version="1.0" encoding="UTF-8"?>
<Chapter>
  <Title>Use Case UC_306</Title>
  <Author>
    <Name>$Author: pasetti $</Name>
    <EMail>pasetti@pnp-software.com</EMail>
  </Author>
  <LastModified>$Date: 2006-05-17 09:39:41 +0200 (Wed, 17 May 2006) $</LastModified>
  <Introduction>
    <p>
      This page describes one of the use cases of the EODiSP. An overview of the use case 
      concept as it is used in the EODiSP project and of all the use cases defined for 
      the project is provided in a <a ref="../useAndTestCases.html">dedicated page</a> 
      which also describes the conventions that are used to define the use case.
    </p>
  </Introduction>
  <Section Title="Overview">
    <table>
      <tr>
        <td><i>Identifier</i></td>
        <td>UC_306</td>
      </tr>
      <tr>
        <td><i>Name</i></td>
        <td>Generate Wrapper Code for Matlab-Generated Code</td>
      </tr>
      <tr>
        <td><i>Primary Actor</i></td>
        <td>Model Owner</td>
      </tr>
      <tr>
        <td><i>Level</i></td>
        <td>User Goal</td>
      </tr>
      <tr>
        <td><i>Description</i></td>
        <td>
          Describes the steps to generate the code that wraps an existing Matlab-generated 
          code as a federate that can be integrated into the EODiSP.
        </td>
      </tr>
      <tr>
        <td><i>Pre-Condition</i></td>
        <td>(1) Matlab-generated code is available. (2) The support application is running.</td>
      </tr>
      <tr>
        <td><i>Post-Condition</i></td>
        <td>
          (1) The code that implements a federate wrapper for the Matlab-generated code is 
          available. (2) A SOM file that describes the publishing/subscribing facilities of 
          the federate is available.
        </td>
      </tr>
    </table>
  </Section>
  <Section Title="Main Success Scenario">
    <p>n.a.</p>
  </Section>
  <Section Title="Alternative Flows">
    <p>none.</p>
  </Section>
</Chapter>