<?xml version="1.0" encoding="UTF-8"?>
<Chapter>
  <Title>Use Case UC_318</Title>
  <Author>
    <Name>$Author: pasetti $</Name>
    <EMail>pasetti@pnp-software.com</EMail>
  </Author>
  <LastModified>$Date: 2006-05-17 09:39:41 +0200 (Wed, 17 May 2006) $</LastModified>
  <Introduction>
    <p>
      This page describes one of the use cases of the EODiSP. An overview of the use case 
      concept as it is used in the EODiSP project and of all the use cases defined for 
      the project is provided in a <a ref="../useAndTestCases.html">dedicated page</a> 
      which also describes the conventions that are used to define the use case.
    </p>
  </Introduction>
  <Section Title="Overview">
    <table>
      <tr>
        <td><i>Identifier</i></td>
        <td>UC_318</td>
      </tr>
      <tr>
        <td><i>Name</i></td>
        <td>Deploy an HLA federate</td>
      </tr>
      <tr>
        <td><i>Primary Actor</i></td>
        <td>Model Owner</td>
      </tr>
      <tr>
        <td><i>Level</i></td>
        <td>Subfunction</td>
      </tr>
      <tr>
        <td><i>Description</i></td>
        <td>Describes the steps required to pack and deploy an HLA federate.</td>
      </tr>
      <tr>
        <td><i>Pre-Condition</i></td>
        <td>
          (1) The HLA federate has been developed. That is, one of the use cases UC_302 to 
          UC_314 has successfully completed. (2) A Java Programming Environment (IDE) such 
          as <a href="http://www.eclipse.org">Eclipse</a> is available.
        </td>
      </tr>
      <tr>
        <td><i>Post-Condition</i></td>
        <td>The HLA federate can be integrated into a <i>model manager application</i>.</td>
      </tr>
    </table>
  </Section>
  <Section Title="Main Success Scenario">
    <ol>
      <li>Actor creates a <i>MANIFEST.MF</i> file for the federate he has developed. Such a 
        file includes meta information about a bundle (i.e. a project).</li>
      <li>Actor exports the whole project as <code>.jar</code> file by using the mechanism 
        provided by the IDE.</li>
    </ol>
  </Section>
  <Section Title="Alternative Flows">
    <p>None.</p>
  </Section>
</Chapter>