<?xml version="1.0" encoding="UTF-8"?>
<Chapter>
  <Title>Use Case UC_400</Title>
  <Author>
    <Name>$Author: pasetti $</Name>
    <EMail>pasetti@pnp-software.com</EMail>
  </Author>
  <LastModified>$Date: 2006-05-17 09:39:41 +0200 (Wed, 17 May 2006) $</LastModified>
  <Introduction>
    <p>
      This page describes one of the use cases of the EODiSP. An overview of the use
      case concept as it is used in the EODiSP project and of all the use cases
      defined for the project is provided in a <a ref="../useAndTestCases.html">dedicated 
      page</a> which also describes the conventions that are used to define the
      use case.
    </p>
  </Introduction>
  <Section Title="Overview">
   <table WIDTH="90%" BORDER="1" CELLPADDING="4" CELLSPACING="0">
	<tr>
		<td><I>Identifier</I></td>
		<td>UC_400</td>
	</tr>
	<tr>
		<td><I>Name</I></td>
		<td>Repository Manager Application Summary</td>
	</tr>
	<tr>
		<td><I>Primary Actor</I></td>
		<td>Simulation Owner or Federate Engineer</td>
	</tr>
	<tr>
		<td><I>Level</I></td>
		<td>Summary</td>
	</tr>
	<tr>
		<td><I>Description</I></td>
		<td>Describes how the use cases belonging to the repository manager application are 
		linked together and in which order they can be used. The description is from the 
		point of view of the actor.</td>
	</tr>
	<tr>
		<td><I>Pre-Condition</I></td>
		<td>None.</td>
	</tr>
	<tr>
		<td><I>Post-Condition</I></td>
		<td>None.</td>
	</tr>
</table>
   </Section>

  <Section Title="Main Success Scenario">
   <p>
   <ol>
   TBD.
   </ol>
   </p>
  </Section>

  <Section Title="Alternative Flows">
   <p>
   None.
   </p>
  </Section>

</Chapter>