<?xml version="1.0" encoding="UTF-8"?>
<Chapter>
  <Title>EODiSP HLA Design</Title>
  <Author>
    <Name>$Author: ibirrer $</Name>
    <EMail>birrer@pnp-software.com</EMail>
  </Author>
  <LastModified>$Date: 2006-05-02 09:34:12Z $</LastModified>
  <Introduction>
    <p>
      This page describes the design of the EODiSP HLA software package. For a better understanding, 
      it is recommended to read the <a href="hlaArchitecture.html">EODiSP HLA architecture page</a> 
      first. Additionally, this document is best read in combination with the <a href="hlaJavadoc/index.html">EODiSP 
      HLA API documentation</a>. This page contains references to classes and interfaces 
      described in the API documentation and describes associations and interactions between 
      them.
    </p>
  </Introduction>
  <Section Title="Package Overview">
    <p>
      Basically, the <a href="hlaArchitecture.html#TheRTI">RTI</a> design is split into 
      three packages, namely the <code>crc</code>, <code>lrc</code> and a <code>common</code> 
      package. The <code>common</code> package defines the remote interfaces of the CRC 
      and LRC, whereas the other two packages contain the design of the CRC and LRC applications. 
      The latter two packages depend on the <code>common</code> package but not on each 
      other. The next figure shows these package dependencies in a UML package diagram.
    </p>
    <Figure file="hla-package-dependency.png">EODiSP HLA packages and its dependencies</Figure>
    <p>
      The design is driven by the IEEE HLA standard. Two interfaces are defined in the 
      standard: the <a href="hlaJavadoc/hla/rti1516/RTIambassador.html">RTIambassador</a> 
      and the <a href="hlaJavadoc/hla/rti1516/FederateAmbassador.html">FederateAmbassador</a> 
      interface. The <code>RTIambassador</code> is the interface of the runtime infrastructure 
      as it is seen by a federate. The <code>FederateAmbassador</code> defines the callback 
      interface of a federate as it is seen by the RTI. The EODiSP HLA or, more precisely, 
      the LRC implements the <code>RTIambassador</code> interface. The <code>FederateAmbassador</code> 
      interface needs to be implemented by a federate developer.
    </p>
    <p>
      The following sections describe the <code>crc</code> and <code>lrc</code> packages 
      in more detail, including their remote interfaces in the <code>common</code> package.
    </p>
  </Section>
  <Section Title="CRC Package">
    <p>
      The central RTI component keeps track of its current federation executions and its 
      joined federates along with their subscriptions and publications of object class 
      attributes and interactions. By design, this information shall only be stored on 
      the CRC and never on the LRC. This centralized approach makes sure that only the 
      most up-to-date information is being accessed by any federate. In practice this means 
      that the LRC does not save (cache) any information about subscriptions and publications 
      of a federate, but always receives this information from the CRC.
    </p>
    <p>
      The CRC makes available two remote interfaces, the <a href="hlaJavadoc/org/eodisp/hla/common/crc/CrcRemote.html">CrcRemote</a> 
      and <a href="hlaJavadoc/org/eodisp/hla/common/crc/FederationExecutionRemote.html">FederationExecutionRemote</a> 
      interfaces. The <code>CrcRemote</code> interface handles general queries not related 
      to a particular federation execution, whereas the <code>FederationExecutionRemote</code> 
      interface handles request targeted to a federation execution. Figure 2 shows the 
      UML diagram of these interfaces.
    </p>
    <Figure file="org.eodisp.hla.common.crc.png">Remote interfaces of the central RTI component</Figure>
    <p>
      The core design of the CRC is defined in the <code>crc</code> package. There's one 
      central class, the <a href="hlaJavadoc/org/eodisp/hla/crc/Crc.html">Crc</a> class, 
      from which most other classes and interfaces are reachable. It manages federation 
      executions, which in turn manage their joined federates. The joined federates hold 
      the subscriptions and publications of object classes and interactions.
    </p>
    <p>
      The two remote interfaces, <code>CrcRemote</code> and <code>LrcRemote</code>, are 
      implemented by dedicated <i>Impl</i> classes. The remote interfaces are not directly 
      implemented by the core classes (namely, the <code>Crc</code> and <code>FederationExecution</code>) 
      to make distinguish remote calls from local calls easier and to separate the remote 
      interfaces from local interfaces/classes. Note that the <code>FederationExecution</code> 
      class maintains a (strong) reference to the <code>FederationExecutionRemoteImpl</code> 
      class. This is needed because the remote invocation method infrastructure used with 
      EODiSP HLA does not use a distributed garbage collector. Having a reference from 
      a federation execution makes sure that a instance of <code>FederationExecutionRemoteImpl</code> 
      only gets garbage collected (and thus unexported) when the the federation execution 
      is destroyed. Otherwise the instance of <code>FederationExecutionRemoteImpl</code> 
      would possibly be garbage collected too early.
    </p>
    <Figure file="org.eodisp.hla.crc.png">UML class diagram of the central RTI component (CRC)</Figure>
    <p/>
  </Section>
  <Section Title="LRC Package">
    <p>
      The local RTI component manages one or more local federates. It routes service calls 
      from these local federates to the CRC or to other federates (through their LRCs). 
      An LRC does not save the state of a federation execution or federate but receives 
      all information about subscriptions and publications from the <a href="#CRCPackage">CRC</a>.
    </p>
    <p>
      The LRC exports two interfaces, the <a href="hlaJavadoc/org/eodisp/hla/common/lrc/LrcRemote.html">LrcRemote</a> 
      interface (remote) to receive callbacks from the CRC and other LRCs, and the <a href="hlaJavadoc/hla/rti1516/RTIambassador.html">RTIambassador</a> 
      interface (local) to receive service calls from its managed federates. The remote 
      interface is shown in Figure 3.
    </p>
    <Figure file="org.eodisp.hla.common.lrc.png">Remote interface of the local RTI component</Figure>
    <p>
      With the current design, all callbacks from other LRCs and the CRC go through the 
      LrcRemote interface. Another possible approach would have been to export a remote 
      interface for each federate that is managed by the Lrc. However, exporting only one 
      interface allows to transfer data that is needed by more than one local federate 
      only once and then distribute this data to each federate locally.
    </p>
    <Figure file="org.eodisp.hla.lrc.png">UML class diagram of the local RTI component (LRC)</Figure>
    <p>
      The implementation of the <code>LrcRemote</code> interface takes the same approach 
      as the remote interface implementations of the <code>crc</code> package. The <code>LrcRemote</code> 
      interface is not directly implemented by the <a href="hlaJavadoc/org/eodisp/hla/lrc/Lrc.html">Lrc</a> 
      class but by the <a href="hlaJavadoc/org/eodisp/hla/lrc/LrcRemoteImpl.html">LrcRemoteImpl</a> 
      class. This makes distinction between calls originating from a local federate (through 
      the <code>RtiAmbassador</code> interface) and calls origination from remote LRCs 
      or CRCs easier and makes the remote interface independent of other <code>lrc</code> 
      classes and interfaces.
    </p>
  </Section>
</Chapter>