<?xml version="1.0" encoding="UTF-8"?>
<Chapter>
  <Title>HLA Wrapper Generator</Title>
  <Author>
    <Name>$Author: pasetti $</Name>
    <EMail>pasetti@pnp-software.com</EMail>
  </Author>
  <LastModified>$Date: 2006-05-02 13:53:01 +0200 (Tue, 02 May 2006) $</LastModified>
  <Introduction>
    <p>
      This page presents the detailed design description of 
      the <a href="supportApplications.html#HLAWrapperGenerator">HLA Wrapper 
      Generator</a> application.
    </p>
  </Introduction>
  <Section Title="Objective">
    <p>
        The EODiSP provides a platform for integrating HLA federates into an HLA federation.
        The interface between the user-provided federates and the EODiSP infrastructure is
        defined by the 
        <code><a href="hlaJavadoc/hla/rti1516/RTIambassador.html">RTIambassador</a></code> 
        and <code><a href="hlaJavadoc/hla/rti1516/FederateAmbassador.html">FederateAmbassador</a></code>
        HLA interfaces. 
        Programming directly to these interfaces is  
        is complicated and error-prone. The two main drawbacks are the lack of 
        type-safety and the lack of a direct 
        relationship between HLA object classes and Java classes.
      </p>
      <p>
        The HLA Wrapper Generator application solves these problems by automatically
        generating a Java skeleton that implements the part of the federate that
        is independent of the simulation package that the federate wraps and that
        provides hooks where users can hang package-specific code.
       </p>
    </Section>
    
    <Section Title="Structure of Generated Code">
       <p>
        The HLA Wrapper Generator takes as its input the SOM of the target federate and
        generates four kinds of items.
       </p>
       <p> 
        The first kind of generated items are Java interfaces.
		For each object class 
        defined in the SOM, a matching Java interface is created. This Java interface 
        defines the attributes of the object class as getter and setter methods. These methods 
        are type-safe in the sense that they don't define their parameters and return types 
        as a Java byte array (as in the <code>RTIambassador</code> interface), but 
        directly as Java types. The interface also defines an <code>updateAttributes</code>
        method. This method should be called by the federate when it wishes to start
        the update cycle for all or some of the attributes defined in the interface.
       </p>
       <p> 
        The object class attributes are typed. The HLA defines a set of basic types. The generator
        maps these types to Java types according to the table below. Note that, for
        numerical types, the HLA distinguishes between 'little endian' and 'big endian' types.
        The mapping to Java is the same for both kinds of types and hence the distinction is
        not made in the table.
        <table>
      	<tr>
        	<th>HLA Type</th>
        	<th>Java Type</th>
      	</tr>
      	<tr>
        	<td><code>HLAinteger16</code></td>
        	<td><code>short</code></td>
      	</tr>
      	<tr>
        	<td><code>HLAinteger32</code></td>
        	<td><code>int</code></td>
      	</tr>
      	<tr>
        	<td><code>HLAinteger64</code></td>
        	<td><code>long</code></td>
      	</tr>
      	<tr>
        	<td><code>HLAfloat32</code></td>
        	<td><code>float</code></td>
      	</tr>
      	<tr>
        	<td><code>HLAfloat64</code></td>
        	<td><code>double</code></td>
      	</tr>
      	<tr>
        	<td><code>HLAoctetPair</code></td>
        	<td><code>short</code></td>
      	</tr>
      	<tr>
        	<td><code>HLAoctet</code></td>
        	<td><code>byte</code></td>
      	</tr>
      	<tr>
        	<td><code>HLAASCIIchar</code></td>
        	<td><code>char</code></td>
      	</tr>
      	<tr>
        	<td><code>HLAunicodeChar</code></td>
        	<td><code>char</code></td>
      	</tr>
      	<tr>
        	<td><code>HLAboolean</code></td>
        	<td><code>boolean</code></td>
      	</tr>
      	<tr>
        	<td><code>HLAunicodeString</code></td>
        	<td><code>String</code></td>
      	</tr>
      	<tr>
        	<td><code>HLAASCIIstring</code></td>
        	<td><code>String</code></td>
      	</tr>
      	<tr>
        	<td><code>(all other types)</code></td>
        	<td><code>byte[]</code></td>
      	</tr>
        </table>
        Thus, for instance, for an object class attribute 
        'name' of type <code>HLAunicodeString</code> the following setter and getter methods 
        are generated:
      </p>
      <ul>
        <li><code>String getName()</code></li>
        <li><code>void setName( String name )</code></li>
      </ul>
      <p>
       </p>
       <p>
        The second kind of generated items are Java classes that implement the
        the interface that defines the object class attributes. These classes encapsulate
        the attribute values and are responsible for tranferring these values to the HLA RTI
        by using the methods defined by the 
        <code><a href="hlaJavadoc/hla/rti1516/RTIambassador.html">RTIambassador</a></code> 
        and <code><a href="hlaJavadoc/hla/rti1516/FederateAmbassador.html">FederateAmbassador</a></code>
        HLA interfaces. 
       </p>
       <p> 
        The third kind of generated items are Java listener interfaces. For each object class
        to which the federate subscribes,
        two listener interfaces are generated. One listener interface covers the notification
        of an attribute update. The second listener interface covers the notification of
        the creation of an object class on the part of the federate that publishes the object
        class. These listener interfaces must be implemented by the user.
      </p>
      <p>
       The fourth kind of generated item is a class that is called <code>&lt;name&gt;Federate</code>. 
       This federate class contains a factory 
       method for each object class that can be instantiated and a method that does all 
       the publications and subscriptions of object class attributes as defined in the SOM.
      </p>
  </Section>
  <Section Title="Sample Federate Structure">
      <p> 
       The user code that implements the rest of the federate would normally call the methods
       provided by the generate federate class to create the object classes that it needs and
       to manage the federate's attribute publication and subscription.
       Users are free to implement this code as they think best but the EODiSP provides two
       templates that can facilitate the task of linking the code generated by the
       HLA Federate Generator to the user code. 
      </p>
      <p>
       The first template class is called <code>&lt;name&gt;FederateMain</code>. As its name
       implies this code defines the <code>main</code> method for the federate (recall that
       in the EODiSP each federate is wrapped in its own JVM and therefore constitutes a
       self-standing application). 
      </p>
      <p> 
       The second template class is called <code>&lt;name&gt;FederateConfigure</code>.
       This is a helper class that is responsible for managing the federate configuration
       process. 
      </p>
      <p>
       The <code>&lt;name&gt;FederateMain</code> and <code>&lt;name&gt;FederateConfigure</code>
       classes are called template classes because they are intended to be completed by the
       user. The points where the user should insert his code are clearly marked through
       comments in the class bodies.
	  </p>  
	  <p>    
       The federates used in the <a href="http://www.pnp-software.com/earthcare_simulator">EODiSP 
       demonstrator</a> are built using the template classes.
       Their source code is available through the demonstrator web site and can be used as 
       blueprint of how EODiSP federates can be built. 
    </p>
  </Section>
</Chapter>