<?xml version="1.0" encoding="UTF-8"?>
<Chapter>
  <Title>Functional Requirements of the Simulation Manager</Title>
  <Author>
    <Name>$Author: ibirrer $</Name>
    <EMail>birrer@pnp-software.com</EMail>
  </Author>
  <LastModified>$Date: 2006-05-02 11:34:48 +0200 (Tue, 02 May 2006) $</LastModified>
  <Introduction>
    This page lists and describes the functional requirements of the EODiSP model manager. 
    The model manager is responsible to manage the federates running on a node.
  </Introduction>
  <Section Title="Purpose of the model manager">
    <p>
      The basic functionality of the model manager is to manage a repository of federates 
      that can be started on request. The model manager does not directly host the federeates 
      but runs them in their own virtual machine, i.e. in the Local RTI component. An overview 
      of the model manager's funcitonality is given in the list below:
    </p>
    <ul>
      <li>Starting a federate application</li>
      <li>Kill a federate application</li>
      <li>Provide a list of running federate applications</li>
      <li>Provide information about running federates</li>
    </ul>
  </Section>
  <Section Title="Functional Requirements">
    <p>
      The following table is a list of detailed functional requirements. These requirements 
      are not explicitely covered by the user requirements, but are implicitely needed. 
      The table lists them more formally and in more detail. This requirements will be 
      implemented by the core implementation of the EODiSP framework. The code for the 
      repository resides in the core package (EODiSP core).
    </p>
    <p>The table is organised as follows:</p>
    <ul>
      <li><b>Column 1</b>: A consecutive number identifying the functional requirement.</li>
      <li><b>Column 2</b>: A detailed description of the functional requirement.</li>
    </ul>
    <table>
      <tr>
        <th>Nr.</th>
        <th>Name</th>
        <th>Description</th>
      </tr>
      <tr>
        <td>mm_01</td>
        <td>Starting a federate</td>
        <td>
          <p>
            Starting an application means to create a new virtual machine which hosts one or 
            more federates. The model manager needs to make sure that the appropriate configuration 
            is delivered to the virtual machine (Local RTI Component settings). All configuration 
            parameters are provided by the simulation manager and include at least the following:
          </p>
          <ul>
            <li>Network address (InetAddress ?) and id of the CRC</li>
            <li>The id of the application to be started</li>
            <li>Name of the federation execution the federates shall join (some federates may not 
              need this). It is not supported to specify the federation execution name for each 
              federate in one application individually.</li>
          </ul>
        </td>
      </tr>
      <tr>
        <td>mm_02</td>
        <td>Kill a federate application</td>
        <td>
          <p>
            Forcibly kills the JVM that runs the application hosting the federates. The only 
            parameter needed is the id of the application.
          </p>
        </td>
      </tr>
      <tr>
        <td>mm_03</td>
        <td>Provide a list of running federates</td>
        <td>
          <p>Provides the following information for each running federates:</p>
          <ul>
            <li>Id of the federate</li>
            <li>The network address of the CRC the federate is joined to</li>
            <li>Optional: The status of the federate (active/passive). Only possible if the federate 
              implements this functionality according to the EODiSP Federate specification (TBD: 
              link to spec).</li>
          </ul>
        </td>
      </tr>
    </table>
  </Section>
  <Section Title="Simulation Manager Runner">
    <p>
      A description of the application that shall be started indluding class/jar file(s) 
      location, classpath, JVM parameters, working directory.)
    </p>
  </Section>
</Chapter>