<?xml version="1.0" encoding="UTF-8"?>
<Chapter>
  <Title>EODiSP remote Design</Title>
  <Author>
    <Name>$Author: ibirrer $</Name>
    <EMail>birrer@pnp-software.com</EMail>
  </Author>
  <LastModified>$Date: 2006-05-02 09:34:12Z $</LastModified>
  <Introduction>
    <p>
      This page describes the design of the EODiSP remote software package. For a better 
      understanding, it is recommended to read the <a href="generalArchitecture.html">EODiSP 
      general architecture page</a> first. Additionally, this document is best read in 
      combination with the <a href="remoteJavadoc/index.html">EODiSP remote API documentation</a>. 
      This page contains references to the classes described in the API documentation.
    </p>
  </Introduction>
  <Section Title="Overview">
    <p>
      The EODiSP remote software package provides two items: A JXTA transport layer implementation 
      for the Java extensible remote method invocation (Jeri) and a means to configure 
      and startup the JXTA network infrastructure. The next sections discuss these two 
      items in detail.
    </p>
  </Section>
  <Section Title="JXTA Transport Layer for Jeri">
    <p>
      EODiSP remote uses the Java extensible remote method invocation (Jeri) to implement 
      remote method calls. Jeri is an implementation of the <a href="http://java.sun.com/products/jdk/rmi/">Java 
      Remote Method Invocation</a> (Java RMI) programming model and provides an architecture 
      that allows customization at different levels of the protocol stack. Please consult 
      the <a href="http://java.sun.com/products/jini/2.1/doc/api/net/jini/jeri/package-summary.html">Jeri 
      documentation</a> for more information about its architecture and design.
    </p>
    <p>
      One of the main EODiSP requirements is to allow communication across firewalls and 
      NAT. Jeri does not directly provide this feature. To overcome this, a new transport 
      layer for Jeri was written based on <a href="http://www.jxta.org">JXTA</a>. Implementing 
      a transport layer for Jeri basically comes down to implementing two interfaces of the 
      Jeri framework, namely the <a href="http://java.sun.com/products/jini/2.1/doc/api/net/jini/jeri/Endpoint.html">Endpoint</a> 
      and <a href="http://java.sun.com/products/jini/2.1/doc/api/net/jini/jeri/ServerEndpoint.html">ServerEndpoint</a> 
      interfaces.
    </p>
    <p>
      The classes that implement these two interfaces are <a href="remoteJavadoc/org/eodisp/remote/jeri/jxta/JxtaEndpoint.html">JxtaEndpoint</a> 
      and <a href="remoteJavadoc/org/eodisp/remote/jeri/jxta/JxtaServerEndpoint.html">JxtaServerEndpoint</a>. 
      The <a href="remoteJavadoc/org/eodisp/remote/jeri/jxta/JxtaNetwork.html">JxtaNetwork</a> class 
      is a helper class that carries information about the JXTA network infrastructure. 
      The Jeri-JXTA transport layer doesn't provide any utility classes to configure and 
      startup the JXTA network infrastructure by itself. This makes the JXTA transport layer 
      independent of the configuration and startup of the JXTA network infrastructure. 
      The only configuration parameter of the JXTA transport layer is the <i>peer group</i>. 
      It needs to be set by calling the <code>registerJeriPeerGroup(PeerGroup jeriPeerGroup)</code> 
      method of the <code>JxtaNetwork</code> class before any use of the JXTA transport 
      layer.
    </p>
  </Section>
  <Section Title="JXTA Network Infrastructure">
    <p>
      Before an application can communicate with JXTA it needs to set up a JXTA network 
      infrastructure. The EODiSP remote provides an implementation of the <a href="utilJavadoc/org/eodisp/util/AppModule.html">AppModule</a> 
      interface that creates a configuration of a JXTA peer and starts up the JXTA platform. 
      Please refer to the Javadoc documentation of the <a href="remoteJavadoc/org/eodisp/remote/application/RemoteAppModule.html">RemoteAppModule</a> 
      class for a detailed description and the <a href="utilJavadoc/index.html">EODiSP 
      util Javadoc</a> for a general description of the application framework.
    </p>
  </Section>
</Chapter>