<?xml version="1.0" encoding="UTF-8"?>
<Chapter>
  <Title>The EODiSP</Title>
  <Author>
    <Name>$Author: ibirrer $</Name>
    <EMail>birrer@pnp-software.com</EMail>
  </Author>
  <LastModified>$Date: 2006-05-02 11:34:12 +0200 (Tue, 02 May 2006) $</LastModified>
  <Introduction>
    <p>
      This site provides an overview of the architectural approach of the EODiSP framework. 
      It describes the approaches that have been taken to develop the EODiSP. It also describes 
      how the different EODiSP packages can assembled to build a stable and user friendly 
      framework.
    </p>
  </Introduction>
  <Section Title="Core Implementation">
    <p>
      The EODiSP is built as an implementation of the <a href="https://www.dmso.mil/public/public/transition/hla/"> 
      High-Level Architecture </a> (HLA). The HLA is the mode widely used simulation architecture 
      and is formally defined in the IEEE standard 1516. Adherence to the standard allows 
      interoperability and reusability of simulation models. The HLA is a modular architecture. 
      It is defined as a bundle of services that support various aspects of a simulation. 
      In general, a particular simulator will only need a subset of all the services defined 
      by the HLA. The set of services supported by the EODiSP is defined on the <a href="./hla/hla-services.html"> 
      HLA Services</a> page. The selection of the services was done keeping in mind the 
      intended usage of the EODiSP as a platform for earth observation end-to-end mission 
      simulations. It is therefore fully compliant with the needs of the EarthCARE Simulator.
    </p>
  </Section>
</Chapter>