<?xml version="1.0" encoding="UTF-8"?>
<Chapter>
  <Title>Bug Tracking</Title>
  <Author>
    <Name>$Author:ibirrer $</Name>
    <EMail>birrer@pnp-software.com</EMail>
  </Author>
  <LastModified>$Date:2006-01-25 09:36:32Z $</LastModified>
  <Introduction>
    <p>
      Please use the bug tracker for bug reports and feature requests. Accessing the bug 
      tracker needs a login and a password. They can be requested on the bug tracker website:
    </p>
    <ul>
      <li><a href="http://control.ee.ethz.ch/~ceg/mantis/">http://control.ee.ethz.ch/~ceg/mantis/</a></li>
    </ul>
    <p>
      <strong> Note that the bug tracking site also hosts other projects. Please choose 
      the EODiSP project in the upper right corner of the bug tracker website to file a 
      bug in the right project (only available if logged in). </strong>
    </p>
  </Introduction>
</Chapter>