<?xml version="1.0" encoding="UTF-8"?>
<Chapter>
  <Title>Demonstrator</Title>
  <Author>
    <Name>$Author: ibirrer $</Name>
    <EMail>pasetti@pnp-software.com</EMail>
  </Author>
  <LastModified>$Date: 2006-11-14 12:03:14 +0100 (Tue, 14 Nov 2006) $</LastModified>
  <Introduction>
    <p>
      The EODiSP is provided with a demonstrator which is intended to verify the correct functioning of 
      its design and implementation and to serve as a blueprint of how EODiSP simulations
      can be set up.
    </p>
    <p>  
      The demonstrator simulator is built on a set of simulation model developed during the
      phase A study of the EarthCARE mission. 
      The EarthCARE mission is
	  an earth observation satellite mission under development at <a href="http://www.esa.int">ESA</a>.
	  Most of the simulation packages integrated in the demonstrator were developed by 
	  <a href="http://www.knmi.nl/">KNMI</a> 
      as part of their contribution to the phase A EarthCARE study. 
    </p>
    <p> 
      The EarthCARE Simulator which is used as a demonstrator for the EODiSP is described 
      in a dedicated <a href="http://www.pnp-software.com/earthcare_simulator">web site</a>. This
      web site describes a <i>simulator</i> instantiated from the EODiSP. The specific
      simulations that were performed to verify the implementation of the EODiSP tests are
      instead described in a set of <a href="documentation/useAndTestCases.html">test cases</a>. 
    </p>
    <br/>
    <br/>
    <p>
    	<i><b>Go to the <a href="http://www.pnp-software.com/earthcare_simulator">EarthCARE Simulator Website</a></b></i>
    </p>
  </Introduction>
 
</Chapter>