<?xml version="1.0" encoding="UTF-8"?>
<Chapter>
  <Title>Download</Title>
  <Author>
    <Name>$Author: eglimi $</Name>
    <EMail>birrer@pnp-software.com</EMail>
  </Author>
  <LastModified>$Date: 2006-11-27 10:21:12 +0100 (Mon, 27 Nov 2006) $</LastModified>
  <Introduction>
    <p>
      This page provides access to the various downloads provided by the EODiSP project.
    </p>
  </Introduction>
  <Section Title="Binary Packages">
    <p>
     Here you can download the latest stable version of all EODiSP applications.
    </p>
    <ul>
    <li><a href="./download/eodisp_sm-0.1.1.jar">Simulation Manager Application (eodisp_sm-0.1.1.jar)</a></li>
    <li><a href="./download/eodisp_mm-0.1.1.jar">Model Manager Application (eodisp_mm-0.1.1.jar)</a></li>
    <li><a href="./download/eodisp_rm-0.1.1.jar">Repository Manager Application (eodisp_rm-0.1.1.jar)</a></li>
    <li><a href="./download/eodisp_wrapper-0.1.1.jar">EODiSP Wrapper Generator (eodisp_wrapper-0.1.1.jar)</a></li>
    <li><a href="./download/eodisp_repos-0.1.1.jar">Repository Application (eodisp_repos-0.1.1.jar)</a></li>
    <li><a href="./download/eodisp_rdv-0.1.1.jar">JXTA Rendezvous Server Application (eodisp_rdv-0.1.1.jar)</a></li>
    <li><a href="./download/eodisp_hla-0.1.1.jar">EODiSP CRC Application (eodisp_hla-0.1.1.jar)</a></li>
    </ul>
  </Section>
  <Section Title="Source Code">
    <p>
      The source code is available through an SVN (subversion) source code repository. 
      It is configured to allow anonymous checkouts.
    </p>
    <p>
      You need an SVN client in order to checkout the source code. You can download it 
      from the <a class="external" href="http://subversion.tigris.org/">Subversion Webpage</a> 
      or, if you prefer to use Eclipse, you can use the Eclipse SVN plugin called <a class="external" 
      href="http://subclipse.tigris.org/">Subclipse</a>. Please refer to the tools documentation 
      on how to install and work with them.
    </p>
    <p>
      The easiest way to get the whole source code into Eclipse is by importing the <a 
      href="download/eodisp.psf">EODiSP Team Project Set File</a> file into Eclipse. You 
      can do it by downloading the file, choose <code>File &gt; Import...</code> in Eclipse, 
      select <i>Team Project Set</i> and point to the downloaded file. This will checkout 
      the code from the SVN repository and create an Eclipse project for each software 
      package (Consider to use a new workspace in Eclipse as this will add 5 new projects 
      to the workspace). Subclipse (see above) needs to be installed for this to work.
    </p>
    <p>
      If you don't want to use Eclipse you can checkout the code for the EODiSP software 
      packages with any other SVN client, from the following URLs:
    </p>
    <ul>
      <li><code>svn://svn.ee.ethz.ch/eodisp/gui/trunk</code> for the EODiSP GUI software package.</li>
      <li><code>svn://svn.ee.ethz.ch/eodisp/core/trunk</code> for the EODiSP core software 
        package</li>
      <li><code>svn://svn.ee.ethz.ch/eodisp/wrapper/trunk</code> for the EODiSP wrapper applications</li>
      <li><code>svn://svn.ee.ethz.ch/eodisp/hla/trunk</code> for the EODiSP HLA software package.</li>
      <li><code>svn://svn.ee.ethz.ch/eodisp/remote/trunk</code> for the EODiSP remote software 
        package.</li>
      <li><code>svn://svn.ee.ethz.ch/eodisp/util/trunk</code> for the EODiSP util software 
        package.</li>
      <li><code>svn://svn.ee.ethz.ch/eodisp/doc/trunk</code> for the EODiSP documentation and 
        website.</li>
    </ul>
    <p>
      In order to checkout the software packages with the SVN console tool, you can use 
      the following command:
    </p>
    <div class="source">
      <pre>svn checkout {SVN URL from above} {local directory to checkout the code to}</pre>
    </div>
    <p>
      For convenience, the checkout commands for all EODiSP software packages are given 
      below:
    </p>
    <div class="source">
      <pre>svn checkout svn://svn.ee.ethz.ch/eodisp/gui/trunk eodisp_gui
svn checkout svn://svn.ee.ethz.ch/eodisp/core/trunk eodisp_core
svn checkout svn://svn.ee.ethz.ch/eodisp/wrapper/trunk eodisp_wrapper
svn checkout svn://svn.ee.ethz.ch/eodisp/hla/trunk eodisp_hla
svn checkout svn://svn.ee.ethz.ch/eodisp/remote/trunk eodisp_remote
svn checkout svn://svn.ee.ethz.ch/eodisp/util/trunk eodisp_util
svn checkout svn://svn.ee.ethz.ch/eodisp/doc/trunk eodisp_doc</pre>
    </div>
    <p>
      Each line will checkout the code of one software package into a dedicated directory 
      (<code>eodisp_*</code>) in the current directory.
    </p>
  </Section>
  <Section Title="Other Resources">
    <p>
      The following links are a set of files that can be used in various parts of the EODiSP 
      framework. The purpose of each file is explained in the documentation at its appropriate 
      place. All files are gathered here for convenience.
    </p>
    <ul>
      <li><a href="download/HLA.xsd">HLA.xsd</a> The XML Schema that specifies the format of the SOMs 
        and FOMs.</li>
      <li><a href="download/mom.fdd">mom.fdd</a> The fom for the management object model (MOM). It specifies 
        all the data types used in HLA.</li>
    </ul>
    <Section Title=""/>
  </Section>
</Chapter>