<?xml version="1.0" encoding="UTF-8"?>
<Chapter>
  <Title>EODiSP Glossary</Title>
  <Author>
    <Name>$Author: eglimi $</Name>
    <EMail>birrer@pnp-software.com</EMail>
  </Author>
  <LastModified>$Date: 2006-10-26 13:40:12 +0200 (Thu, 26 Oct 2006) $</LastModified>
  <Introduction>
    <p>
      This glossary defines the most important technical terms and abbreviations used in 
      the EODiSP project.
    </p>
    <table>
      <tr>
        <th>Term</th>
        <th>Short Definition</th>
      </tr>
      <tr>
        <td>Abstract Interface</td>
        <td>
          A definition of the signature and semantics of a set of related operations without 
          any implementation details.
        </td>
      </tr>
      <tr>
        <td>AOCS</td>
        <td>The Attitude and Orbit Control Subsystem of satellites.</td>
      </tr>
      <tr>
        <td>Application Instantiation</td>
        <td>
          The process whereby a component-based application is constructed by configuring and 
          linking individual components.
        </td>
      </tr>
      <tr>
        <td>Component</td>
        <td>
          A unit of binary reuse that exposes one or more interfaces and that is seen by its 
          clients only in terms of these interfaces.
        </td>
      </tr>
      <tr>
        <td>Component-Based Framework</td>
        <td>A software framework that has components as its building blocks.</td>
      </tr>
      <tr>
        <td>Computational Node</td>
        <td>A computational resource that has memory and processing capabilities.</td>
      </tr>
      <tr>
        <td>CORBA</td>
        <td>A widely used middleware infrastructure.</td>
      </tr>
      <tr>
        <td>CRC</td>
        <td>Central RTI Component.</td>
      </tr>
      <tr>
        <td>Design Pattern</td>
        <td>A description of an abstract design solution for a common</td>
      </tr>
      <tr>
        <td>DSL</td>
        <td>
          Domain Specific Language (a language that is created to describe applications or 
          components in a very narrow domain).
        </td>
      </tr>
      <tr>
        <td>DTD</td>
        <td>
          Document Type Definition. It defines the legal building blocks of an XML document. 
          It defines the document structure with a list of legal elements. Its purpose is similar 
          to the one of an XML Schema, although it is not as feature rich and the syntax is 
          different.
        </td>
      </tr>
      <tr>
        <td>
          <a name="EMF"/>EMF
        </td>
        <td>
          <a href="http://www.eclipse.org/emf/">Eclipse Modeling Framework</a>
          . A modeling framework and code generation facility for building tools and other 
          applications based on a structured data model.
        
        </td>
      </tr>
      <tr>
        <td>EODiSP</td>
        <td>
          EOSiSP Open and Distributed Simulation Environment. The set of applications that 
          are used to configure and execute a simulation.
        </td>
      </tr>
      <tr>
        <td>EODiSP Framework</td>
        <td>The software framework provided by the EODiSP.</td>
      </tr>
      <tr>
        <td>EODiSP Middleware</td>
        <td>The middleware selected for the EODiSP.</td>
      </tr>
      <tr>
        <td>Federate</td>
        <td>
          An application that may be or is currently coupled with other software applications 
          under a Federation Object Model Document Data (FDD) and a runtime infrastructure 
          (RTI).
        </td>
      </tr>
      <tr>
        <td>Federation</td>
        <td>
          A named set of federate applications and a common Federation Object Model (FOM) that 
          are used as a whole to achieve some specific objective.
        </td>
      </tr>
      <tr>
        <td>Federation Execution</td>
        <td>
          The actual operation, over time, of a set of joined federates that are interconnected 
          by a runtime infrastructure (RTI).
        </td>
      </tr>
      <tr>
        <td>Federation Object Model (FOM)</td>
        <td>
          A specification defining the information exchanged at runtime to achieve a given 
          set of federation objectives. This includes object classes, object class attributes, 
          interaction classes, interaction parameters, and other relevant information.
        </td>
      </tr>
      <tr>
        <td>Framework Domain</td>
        <td>The set of functionalities whose implementation is supported by the framework.</td>
      </tr>
      <tr>
        <td>Framework Instantiation</td>
        <td>
          The process whereby a framework is adapted to the needs of a specific application 
          within its domain.
        </td>
      </tr>
      <tr>
        <td>Generative Programming</td>
        <td>
          A software engineering paradigm that promotes the automatic generation of an implementation 
          from a set of specifications.
        </td>
      </tr>
      <tr>
        <td>GUI</td>
        <td>
          Graphical User Interface. Allows the user to interact with an application through 
          a graphical interface.
        </td>
      </tr>
      <tr>
        <td>HLA</td>
        <td>
          High Level Architecture. A standard to provide a common architecture for distributed 
          modeling and simulation. Available as IEEE standard 1516.
        </td>
      </tr>
      <tr>
        <td>Interaction Interface</td>
        <td>
          This is a collective term that refers to the menu bar, the tool bar, and the context 
          menu. It is used in the EODiSP GUI documentation.
        </td>
      </tr>
      <tr>
        <td>ISP</td>
        <td>Internet Service Provider.</td>
      </tr>
      <tr>
        <td>JNI</td>
        <td>Java Native Interface, a mechanism for interfacing Java code with non-Java code.</td>
      </tr>
      <tr>
        <td>JVM</td>
        <td>Java Virtual Machine.</td>
      </tr>
      <tr>
        <td>JXTA</td>
        <td>
          A network infrastructure aimed at peer to peer (P2P) networks. The core is a set 
          of specifications for which a Java and a C implementation is available.
        </td>
      </tr>
      <tr>
        <td>LRC</td>
        <td>Local RTI Component</td>
      </tr>
      <tr>
        <td>Model Owner</td>
        <td>
          The model owner is a person in charge of one or more simulation models. The model 
          owner decides when to make his simulation models available to a simulation and when 
          to terminate their availability. The model owner interacts with the EODiSP through 
          a Model Manager Application.
        </td>
      </tr>
      <tr>
        <td>Object Oriented Framework</td>
        <td>
          A framework that uses inheritance and object composition as its chief adaptation 
          mechanisms.
        </td>
      </tr>
      <tr>
        <td>OBS</td>
        <td>The On-Board Software.</td>
      </tr>
      <tr>
        <td>Runtime Infrastructure (RTI)</td>
        <td>
          The software that provides common interface services during a High Level Architecture 
          (HLA) federation execution for synchronizing and data exchange.
        </td>
      </tr>
      <tr>
        <td>
          <a name="SDO"/>SDO
        </td>
        <td>
          Service Data Objects. SDO is based on the concept of disconnected data graphs supporting 
          building of portable server applications.
        </td>
      </tr>
      <tr>
        <td>Simulation Manager Application</td>
        <td>
          A GUI-based environment. Through this environment, a simulation owner can perform 
          the tasks to overall control a simulation. This includes the control of the configuration 
          and tasks like start, stop or hold a simulation experiment.
        </td>
      </tr>
      <tr>
        <td>Simulation Model Application</td>
        <td>
          A GUI-based environment. Through this environment, a model owner can perform the 
          tasks to overall control the models he is in charge of.
        </td>
      </tr>
      <tr>
        <td>
          <a name="SOM"/>Simulation Object Model (SOM)
        </td>
        <td>
          A specification of the types of information that an individual federate could provide 
          to High Level Architecture (HLA) federations as well as the information that an individual 
          federate can receive from other federates in HLA federations.
        </td>
      </tr>
      <tr>
        <td>Simulation Experiment</td>
        <td>
          A set of one or more simulation run executed in sequence with different configurations.
        </td>
      </tr>
      <tr>
        <td>Simulation Owner</td>
        <td>
          This is the person who is in overall control of a complete simulation. The simulation 
          owner decides how the simulation models should be configured and when a simulation 
          should start and terminate. The simulation owner interacts with the EODiSP through 
          the Simulation Manager Application.
        </td>
      </tr>
      <tr>
        <td>Simulation Package</td>
        <td>
          A piece of software that implements part of the functionalities required for an end-to-end 
          simulation and that is delivered as a single unit.
        </td>
      </tr>
      <tr>
        <td>Simulation Run</td>
        <td>
          A single end-to-end simulation for one particular configuration of a set of simulation 
          packages.
        </td>
      </tr>
      <tr>
        <td>Software Framework</td>
        <td>
          A reusable artifact that captures the commonalities of a set of applications in a 
          specific domain and provides reusable software building blocks to facilitate the 
          instantiation of applications in that domain.
        </td>
      </tr>
      <tr>
        <td>SMP2</td>
        <td>
          Simulation Model Portability, a set of interfaces to support the development of simulation 
          applications.
        </td>
      </tr>
      <tr>
        <td>Support Applications</td>
        <td>
          A set of self-contained applications that are provided together with the EODiSP to 
          assist users in off-line tasks to be performed prior to starting a simulation (such 
          as the generation of wrappers to transform generic simulation packages into HLA-compliant 
          models ready to be integrated in the EODiSP).
        </td>
      </tr>
      <tr>
        <td>XML</td>
        <td>
          Extensible Markup Language. XML documents consist (mainly) of text and tags, and 
          the tags imply a tree structure upon the document. An XML document is said to be 
          valid if it conforms to an XML Schema or a DTD.
        </td>
      </tr>
      <tr>
        <td>XML Schema</td>
        <td>
          The XML Schema language is also referred to as XML Schema Definition (XSD). They 
          provide a means for defining the structure, contents and semantics of XML documents. 
          XML Schemas are written in XML.
        </td>
      </tr>
      <tr>
        <td>XRTI</td>
        <td>An implementation of the HLA runtime infrastructure (RTI).</td>
      </tr>
    </table>
  </Introduction>
</Chapter>