<?xml version="1.0" encoding="UTF-8"?>
<Chapter>
  <Title>The EODiSP</Title>
  <Author>
    <Name>$Author: pasetti $</Name>
    <EMail>birrer@pnp-software.com</EMail>
  </Author>
  <LastModified>$Date: 2006-08-18 18:04:43 +0200 (Fri, 18 Aug 2006) $</LastModified>
  <Introduction>
    <p>
      The EODiSP (EODiSP Open and Distributed Simulation Platform) is a generic platform 
      to support the development and operation of distributed simulators that integrate 
      HLA-compliant simulation packages.
    </p>
    <p>
      The EODiSP is being developed for the <a href="http://www.esa.int/esaCP/index.html">European 
      Space Agency</a> under contract number 18833/05/NL/AR. Its development is led by 
      <a href="http://pnp-software.com/">P&amp;P Software GmbH</a> with the <a href="http://control.ee.ethz.ch/">Institute 
      fur Automatik</a> of the <a href="http://www.ethz.ch/">ETH Zurich</a> as subcontractor.
    </p>
    <p>
      The EODiSP is specifically aimed at supporting the development of end-to-end simulators 
      for earth-observation satellite missions but is more generally suitable for simulators 
      that are built by integrating heterogeneous and distributed simulation packages that 
      interact by sending data to, and receiving data from each other. The EODiSP is built 
      as a partial implementation of the <a class="external" href="https://www.dmso.mil/public/public/transition/hla/">High-Level 
      Architecture</a> (HLA). The HLA is the most widely used simulation architecture. 
      It is defined by an IEEE standard as a bundle of services that support various aspects 
      of a simulation. The EODiSP implements the <a href="./documentation/developerManuals/implementedHLAServices.html">subset 
      of HLA services</a> required to support data-driven simulations. The full complement 
      of HLA services may be implemented at a later date.
    </p>
    <p>
      The development of the EODiSP follows a formal software development process and the 
      environment is supplied with a complete documentation and verification data package. 
      The EODiSP is made available as free and open software under the terms of <a href="http://www.gnu.org/copyleft/gpl.html">GNU's 
      General Public Licence</a>. Development of the EODiSP is currently under way and 
      is expected to be completed in November 2006.
    </p>
  </Introduction>
</Chapter>