<?xml version="1.0" encoding="UTF-8"?>
<Chapter>
	<Title>Demos and Screenshots</Title>
	<Author>
		<Name>$Author: eglimi $</Name>
		<EMail>birrer@pnp-software.com</EMail>
	</Author>
	<LastModified>$Date: 2006-11-05 11:45:37 +0100 (Sun, 05 Nov 2006) $</LastModified>
	<Introduction>
		<p>
			This site provides a set of screenshots taken from the most recent development version of the EODiSP packages. You can click the images to
			see a larger view.
		</p>
	</Introduction>
	<Section Title="Flash Demos">
	<p>Click on the links below to see the flash demo.</p>
	<p><a href="./flash/sm_run_experiment.html">Run an experiment in the simulation manager application.</a></p>
	<p><a href="./flash/mm_register.html">Use the model manager application to register federates in the respository.</a></p>
	</Section>
	<Section Title="Simulation Manager Application">
		<div class="figure">
			<a href="./images/simulation_manager_screenshot_1.png">
				<img border="0" src="./images/simulation_manager_screenshot_1_small.png" alt="The main screen of the simulation manager application" />
			</a>
			<p>The main screen of the simulation manager application.</p>
		</div>
		<div class="figure">
			<a href="./images/simulation_manager_screenshot_2.png">
				<img border="0" src="./images/simulation_manager_screenshot_2_small.png" alt="Additional information for the selected federate." />
			</a>
			<p>Additional information for the selected federate..</p>
		</div>
		<div class="figure">
			<a href="./images/simulation_manager_screenshot_3.png">
				<img border="0" src="./images/simulation_manager_screenshot_3_small.png"
					alt="Selecting a federate from the list of federates in the repository." />
			</a>
			<p>Selecting a federate from the list of federates in the repository..</p>
		</div>
		<div class="figure">
			<a href="./images/simulation_manager_screenshot_4.png">
				<img border="0" src="./images/simulation_manager_screenshot_4_small.png" alt="Starting an experiment." />
			</a>
			<p>Starting an experiment.</p>
		</div>
	</Section>

	<Section Title="Model Manager Application">
		<div class="figure">
			<a href="./images/model_manager_screenshot_1.png">
				<img border="0" src="./images/model_manager_screenshot_1_small.png" alt="The main screen of the model manager application." />
			</a>
			<p>The main screen of the model manager application.</p>
		</div>
		<div class="figure">
			<a href="./images/model_manager_screenshot_2.png">
				<img border="0" src="./images/model_manager_screenshot_2_small.png" alt="Context menu for the selected federate." />
			</a>
			<p>Context menu for the selected federate.</p>
		</div>
	</Section>

	<Section Title="Repository Manager Application">
		<div class="figure">
			<a href="./images/repository_manager_screenshot_1.png">
				<img border="0" src="./images/repository_manager_screenshot_1_small.png"
					alt="Repository manager showing a list of SOM objects from the repository." />
			</a>
			<p>Repository manager showing a list of SOM objects from the repository.</p>
		</div>
		<div class="figure">
			<a href="./images/repository_manager_screenshot_2.png">
				<img border="0" src="./images/repository_manager_screenshot_2_small.png"
					alt="Adding a SOM by choosing a file from the local machine." />
			</a>
			<p>Adding a SOM by choosing a file from the local machine.</p>
		</div>
	</Section>
	
	<Section>
<EMBED SRC="flash/sm_run_experiment.swf" WIDTH="958" HEIGHT="525" quality="low" loop="false" play="false" TYPE="application/x-shockwave-flash" PLUGINSPAGE="http://www.macromedia.com/shockwave/download/index.cgi?P1_Prod_Version=ShockwaveFlash"/>
	</Section>
</Chapter>