<?xml version="1.0" encoding="UTF-8"?>
<siteStructure 
      title="EODiSP" 
      description="EODiSP Open and Distributed Simulation Platform"
      author="P&amp;P Software GmbH" 
      keywords="simulation, HLA, RTI, distributed" 
      xmlns="http://www.pnp-software.com/pnpDocStructure" 
      destDir="../../../website_gen" 
      imgDir="../../../website_gen/images"
      contactEmail="birrer@pnp-software.com">
  <home name="Home" href="home.xml" />
  <page name="Overview" href="overview.xml" />
  <page name="Glossary" href="glossary.xml" />

  <page name="Documentation">
    <page name="Requirements" href="documentation/requirements.xml" />
    <page name="Developer Manuals" href="documentation/developerManuals.xml">
      <page href="documentation/developerManuals/generalArchitecture.xml"/>
      <page href="documentation/developerManuals/coreDesign.xml"/>
      <page href="documentation/developerManuals/coreArchitecture.xml"/>
      <page href="documentation/developerManuals/hlaDesign.xml"/>
      <page href="documentation/developerManuals/hlaArchitecture.xml"/>
      <page href="documentation/developerManuals/remoteDesign.xml"/>
      <page href="documentation/developerManuals/guiArchitecture.xml"/>
      <page href="documentation/developerManuals/guiDesign.xml"/>
      <page href="documentation/developerManuals/implementedHLAServices.xml"/>
      <page href="documentation/developerManuals/repository.xml"/>
      <page href="documentation/developerManuals/simulationManager.xml"/>
      <page href="documentation/developerManuals/supportApplications.xml"/>
      <page href="documentation/developerManuals/HLAWrapperGenerator.xml"/>
      <page href="documentation/developerManuals/modelManager.xml"/>
    </page>
    <page name="User Manuals" href="documentation/userManuals.xml">
      <page href="documentation/userManuals/modelManagerUsage.xml"/>
      <page href="documentation/userManuals/modelManagerTestCases.xml"/>
      <page href="documentation/userManuals/sampleFederates.xml"/>
      <page href="documentation/userManuals/sampleWrappers.xml"/>
      <page href="documentation/userManuals/simulationManagerUsage.xml"/>
      <page href="documentation/userManuals/simulationManagerTestCases.xml"/>
      <page href="documentation/userManuals/repositoryManagerUsage.xml"/>
      <page href="documentation/userManuals/repositoryTestCases.xml"/>
      <page href="documentation/userManuals/supportApplicationsUsage.xml"/>
      <page href="documentation/userManuals/supportApplicationsTestCases.xml"/>
    </page>
    <page name="Testing" href="documentation/Testing.xml">
    </page>
    <page name="Use And Test Cases" href="documentation/useAndTestCases.xml">
      <page href="documentation/useAndTestCases/earthCAREConfiguration.xml"/>
      <page href="documentation/useAndTestCases/UC_100.xml"/>
      <page href="documentation/useAndTestCases/UC_102.xml"/>
      <page href="documentation/useAndTestCases/TC_102.xml"/>
      <page href="documentation/useAndTestCases/UC_104.xml"/>
      <page href="documentation/useAndTestCases/TC_104.xml"/>
      <page href="documentation/useAndTestCases/UC_106.xml"/>
      <page href="documentation/useAndTestCases/TC_106.xml"/>
      <page href="documentation/useAndTestCases/UC_108.xml"/>
      <page href="documentation/useAndTestCases/TC_108.xml"/>
      <page href="documentation/useAndTestCases/UC_110.xml"/>
      <page href="documentation/useAndTestCases/TC_110.xml"/>
      <page href="documentation/useAndTestCases/UC_112.xml"/>
      <page href="documentation/useAndTestCases/TC_112.xml"/>
      <page href="documentation/useAndTestCases/UC_200.xml"/>
      <page href="documentation/useAndTestCases/UC_202.xml"/>
      <page href="documentation/useAndTestCases/TC_202.xml"/>
      <page href="documentation/useAndTestCases/UC_204.xml"/>
      <page href="documentation/useAndTestCases/TC_204.xml"/>
      <page href="documentation/useAndTestCases/UC_208.xml"/>
      <page href="documentation/useAndTestCases/TC_208.xml"/>
      <page href="documentation/useAndTestCases/UC_302.xml"/>
      <page href="documentation/useAndTestCases/TC_302.xml"/>
      <page href="documentation/useAndTestCases/UC_304.xml"/>
      <page href="documentation/useAndTestCases/UC_306.xml"/>
      <page href="documentation/useAndTestCases/UC_308.xml"/>
      <page href="documentation/useAndTestCases/TC_308.xml"/>
      <page href="documentation/useAndTestCases/UC_310.xml"/>
      <page href="documentation/useAndTestCases/TC_310.xml"/>
      <page href="documentation/useAndTestCases/UC_312.xml"/>
      <page href="documentation/useAndTestCases/TC_312.xml"/>
      <page href="documentation/useAndTestCases/UC_314.xml"/>
      <page href="documentation/useAndTestCases/UC_316.xml"/>
      <page href="documentation/useAndTestCases/TC_316.xml"/>
      <page href="documentation/useAndTestCases/UC_318.xml"/>
      <page href="documentation/useAndTestCases/TC_318.xml"/>
      <page href="documentation/useAndTestCases/TC_320.xml"/>
      <page href="documentation/useAndTestCases/UC_400.xml"/>
      <page href="documentation/useAndTestCases/UC_402.xml"/>
      <page href="documentation/useAndTestCases/TC_402.xml"/>
      <page href="documentation/useAndTestCases/UC_404.xml"/>
      <page href="documentation/useAndTestCases/TC_404.xml"/>
    </page>
  </page>

  <page name="Demonstrator" href="demonstrator.xml">
    <page href="demonstrator/lifecycle.xml"/>
  </page>
  
  <page name="Demos and Screenshots" href="screenshots.xml"/>
  <page name="Download" href="download.xml" />
  <page name="Bug Database" href="bugDatabase.xml" />

  <page name="Contact" external="true" href="http://www.pnp-software.com/contact-us.html" />
</siteStructure>
